,Text,Likes,Retweets,Date-Time,Date
0,Prime getting even better for members‚Ä¶ :) https://t.co/ePn5zJEERx,330,31,2022-04-21 17:04:27+00:00,2022-04-21
1,Another important step toward our mission of running Amazon‚Äôs global operations on 100% renewable energy by 2025 ‚Äì 5 years ahead of our initial goal. https://t.co/rJX0Fd8RKv,238,28,2022-04-20 18:34:40+00:00,2022-04-20
2,https://t.co/Kxq57wYBZG,58,4,2022-04-15 22:14:12+00:00,2022-04-15
3,https://t.co/eypxzj6Y8w https://t.co/XZs0mUutGY,71,5,2022-04-15 22:14:11+00:00,2022-04-15
4,Congrats to Zoey and the rest of this year's 250 #AmazonFutureEngineer $40K college scholarship recipients. Just the beginning of big things for all of you‚Ä¶ excited for your Amazon internships to begin. https://t.co/6YyHBHyGHe https://t.co/pC5a47rq0L,193,30,2022-04-13 13:58:57+00:00,2022-04-13
5,"Still plenty more to do, but proud of our incredible teammates who make this a special place to work‚Ä¶ https://t.co/DDTH4fVQQA",429,66,2022-04-06 13:40:31+00:00,2022-04-06
6,"Excited for Project Kuiper to partner w/ @Arianespace, @ulalaunch &amp; @blueorigin to deploy 3K+ broadband satellites in the coming years. Scale of this agreement will help us bring fast, affordable broadband to customers in unserved &amp; underserved communities.https://t.co/ApkkFTCLm5",242,35,2022-04-05 14:53:23+00:00,2022-04-05
7,".@ZachPerson here playing between periods at #Kraken game. Imo, best up and coming rock artist around. His self-titled record is fantastic. https://t.co/pohAFFTKGL",91,8,2022-03-31 04:35:22+00:00,2022-03-31
8,"Rain outside not dampening Amazon #MARS2022‚Ä¶ some of brightest minds in machine learning, automation, robotics and space. Feel lucky to be surrounded by so many brilliant and accomplished people working on next generation of disruptive inventions. https://t.co/2zjwxrF5WV",208,16,2022-03-28 17:32:45+00:00,2022-03-28
9,"Am so sad and bummed to hear about Taylor Hawkins. Unbelievable musician, force of nature in Foo Fighters, really likable guy, and my thoughts and heart go out to his family (and the band).",435,13,2022-03-26 04:09:41+00:00,2022-03-26
10,"Very excited to have you and Al join the team, Kirk! Looking forward to the start of #TNFonPrime! https://t.co/U1vr9c6gQf",99,8,2022-03-23 19:08:52+00:00,2022-03-23
11,First shipments of critical supplies just arrived at a fulfillment center in Slovakia we‚Äôve converted into a humanitarian aid hub. This will help charities get needed items to Ukrainian families faster. More help coming soon through our logistics network. https://t.co/NPEsI2kzJc https://t.co/AJLPgUOltV,572,100,2022-03-22 20:18:06+00:00,2022-03-22
12,(2/2) Our latest partnership ($124M) will build 1K+ homes next to public transit. https://t.co/PXLsGritxj,124,15,2022-03-15 17:44:12+00:00,2022-03-15
13,"As we continue to increase our focus on the communities in which we have a substantial presence, we‚Äôre excited to invest further in affordable housing. To date, we've committed more than $1.2B to create/preserve 8,000+ homes and help ~18K people. (1/2)",252,32,2022-03-15 17:44:12+00:00,2022-03-15
14,Important milestone for the #ClimatePledge - 300+ companies have now joined Amazon in committing to reach net-zero carbon emissions by 2040. Innovation and collaboration are key to solving big global challenges‚Ä¶encouraging to have these companies on board.https://t.co/IcvDZsvVIZ,159,36,2022-03-14 14:24:21+00:00,2022-03-14
15,Appreciative of our incredible women leaders and builders. Our teams are stronger and products are better when they include diverse perspectives and experiences. We‚Äôre committed to supporting women and their careers here at Amazon. #InternationalWomensDay #IWD2022,311,39,2022-03-08 15:01:12+00:00,2022-03-08
16,"Good luck to Garfield HS Girls Basketball team in WA State Finals tonight. What a year they‚Äôve had! Same for Boys team, which finished 4th in State tournament + lost only 1 game all year. Impressive to watch hard work/commitment all year by these athletes. https://t.co/bcxrLV5nf1 https://t.co/3UjzJWxgPT",95,7,2022-03-06 02:04:32+00:00,2022-03-06
17,"(2/2) We‚Äôre supporting humanitarian relief NGOs on the ground with cash donations from Amazon and our employees, logistics to get supplies to people needing them, and cyber security assistance to companies and governments.",769,70,2022-03-03 00:59:23+00:00,2022-03-03
18,"The situation in Ukraine is deeply concerning, and gets more so each day. Amazon stands with the people of Ukraine, and will continue to help. (1/2)",1788,187,2022-03-03 00:59:23+00:00,2022-03-03
19,"Enjoyed visiting w/ @lazowska &amp; @greggottesman's class last night. So impressed w/ @UW and the clever composition of comp sci, design, and MBA students in this class who collaborate to conceive and build real products. I would have loved to take this class when I was in school. https://t.co/BcmVoKwvhY",243,17,2022-02-17 18:37:00+00:00,2022-02-17
20,"Pretty cool to see...over weekend Lost Ark became 2nd highest played game in Steam history (1.325M concurrent players). On the heels of New World success a few mos ago, team has found two games in a row that seem to be resonating with gamers. https://t.co/ZmhtXKE7CW",707,51,2022-02-15 02:35:07+00:00,2022-02-15
21,The first official trailer of The Lord of the Rings 'The Rings of Power' coming to @PrimeVideo Sept. 2. #SBLVI #LOTRROP #LOTRonPrime https://t.co/q0u57pLpLB,348,67,2022-02-14 01:41:24+00:00,2022-02-14
22,Hey #LOTRonPrime fans‚Ä¶be ready during 3rd quarter of #SBLVI. We have something during one of the commercial breaks for you.,414,36,2022-02-14 01:24:00+00:00,2022-02-14
23,Have loved football since my dad took me to my very first @Giants game when I was 3...very excited to have Thursday Night Football come exclusively to @NFLonPrime starting September 15! https://t.co/apP6JUYIU2,227,27,2022-02-10 17:31:22+00:00,2022-02-10
24,"For people excited to see what Middle-earth will look like, here‚Äôs a first look at our new @LOTRonPrime series. https://t.co/djLqaNqmZW",187,19,2022-02-10 13:23:13+00:00,2022-02-10
25,"Very cool story about one of our Amazon Delivery Service Partners...in less than 2 years, Jaren has grown his team to almost 80 employees. https://t.co/yQuCxuhfCy",179,22,2022-02-09 21:06:53+00:00,2022-02-09
26,Congratulations to our @AmazonStudios and @PrimeVideo teams on today‚Äôs Oscar nominations! https://t.co/AuUWOb62xY,167,20,2022-02-08 15:50:55+00:00,2022-02-08
27,Looking forward to the Super Bowl on Sunday‚Ä¶here‚Äôs a first look at one of our new commercials for it. https://t.co/LH9WeDUFRR,767,121,2022-02-07 14:27:18+00:00,2022-02-07
28,"Proud of the fact that Amazon has been voted one of the most admired companies in the world for the sixth year straight (#2). We have a lot to keep working on, and committed to getting better every day, but feel lucky to work with the folks that I do. https://t.co/KqfGAGgCI7",740,110,2022-02-02 23:01:55+00:00,2022-02-02
29,"Our employees are now eligible for fully-funded college tuition from Amazon after just 3 mos (we had Career Choice for yrs, but had a 1 yr requirement). Accessible, affordable education is so important &amp; such a door opener. Hoping this makes it easier for even more employees. https://t.co/rYYtbqz3L5",950,96,2022-01-26 18:01:10+00:00,2022-01-26
30,"Very excited to share this with customers‚Ä¶we're opening Amazon Style, our first-ever physical store for apparel. It will be located in L.A. and use machine learning and a unique store design to create a customized experience for each shopper. https://t.co/rKsQAVPYqW",691,109,2022-01-20 15:13:59+00:00,2022-01-20
31,"A lot of people are excited for the upcoming @LOTRonPrime series (including me!). Today, we officially share its name...Can‚Äôt wait for the premiere September 2! https://t.co/SDfpQD53Bt",464,52,2022-01-19 15:00:51+00:00,2022-01-19
32,"‚ÄúCommit yourself to the noble struggle for equal rights. You will make a greater person of yourself, a greater nation of your country, and a finer world to live in.‚Äù -MLK
 
Reflecting on how Dr. King‚Äôs ideals of democracy, justice, hope, and love can help us grow as a society.",441,52,2022-01-17 18:29:05+00:00,2022-01-17
33,"Excited to collaborate with @Stellantis to re-invent the driving experience. This partnership will make driving safer, smarter, and more personalized for millions of people. https://t.co/vcs8bkER7b",280,40,2022-01-05 18:33:52+00:00,2022-01-05
34,Alexa has made life easier for customers on Earth...excited to explore what voice &amp; AI can do for astronauts in space. Great partnership with @LockheedMartin &amp; @Cisco for @NASA‚Äôs upcoming #Artemis mission! https://t.co/tUfXSJngcH,265,48,2022-01-05 13:04:23+00:00,2022-01-05
35,"(2/2) As this situation continues to evolve, I want our Edwardsville community to know we are working closely with local officials &amp; first responders to support them. My deepest sympathies are with the Amazon community and all impacted.",229,24,2021-12-11 18:27:44+00:00,2021-12-11
36,"We've been closely monitoring the terrible situation in Edwardsville, and are heartbroken over the loss of our team members. Our thoughts are with their families at this difficult time. (1/2)",476,62,2021-12-11 18:27:44+00:00,2021-12-11
37,"Addressing the affordable housing crisis in underrepresented communities starts with removing barriers. Amazon‚Äôs new program provides Black, Hispanic &amp; Native American real estate developers w/ training, mentorship &amp; capital to kick-start their projects. https://t.co/GbqbVyHeUp",241,50,2021-12-08 17:58:34+00:00,2021-12-08
38,We've been fortunate to have Grab build their business on top of #AWS for many years now. Am super impressed with @AnthonyPY_Tan and the Grab team and excited for them as they go public today. https://t.co/JbBYkuO74D,170,14,2021-12-02 15:54:57+00:00,2021-12-02
39,Good progress being made on our #ClimatePledge‚Ä¶on track to power Amazon operations with 100% renewable energy by 2025 - five years ahead of target. https://t.co/cxC3ELAN3H,338,49,2021-12-01 18:04:32+00:00,2021-12-01
40,Excited for #AWS customers and AWS team as they gather for the 10th annual #reInvent...lot in store for customers and will be fun for the community to be together again. https://t.co/2S9tCHGsOI,485,40,2021-11-29 00:06:59+00:00,2021-11-29
41,"Loved this photo one of our Amazon Air team members took recently in Lakeland, Florida. Sending a big thank you to our teams, partners, and sellers heading into the holidays. Appreciative of all you do for customers‚Ä¶ https://t.co/X7rRiJ3Zhy",585,37,2021-11-25 01:01:30+00:00,2021-11-25
42,Good update on last year‚Äôs pledge to expand access to free cloud skills training. https://t.co/67k0VVvhXG,205,19,2021-11-19 00:39:14+00:00,2021-11-19
43,This country would not be what it is today without the incredible bravery and sacrifices of our military community. Thank you to all veterans - those at Amazon and beyond - for your service. https://t.co/te21VYvhBp,529,43,2021-11-11 14:59:52+00:00,2021-11-11
44,"We've announced today that Amazon will be a founding member of the First Movers Coalition, leading to more sustainable technologies across freight, ocean &amp; air transport. Energized to see this collaboration as we push toward net-zero carbon. #COP26 https://t.co/rZVHIc8KwE",320,73,2021-11-04 15:05:09+00:00,2021-11-04
45,"Excited to share that Project Kuiper will launch two prototype satellites next fall on ABL Space Systems‚Äô new RS1 rocket‚Ä¶an important step toward making fast, affordable broadband a reality for unserved &amp; underserved communities. https://t.co/SQSw4zkkj1",305,59,2021-11-01 16:55:19+00:00,2021-11-01
46,Pre-game at the arena...new era of NHL hockey in Seattle about to begin. Go Kraken! #seakraken https://t.co/QAWvwLCpdh,1878,44,2021-10-24 00:37:37+00:00,2021-10-24
47,Proud of how we‚Äôre helping people with Amazon‚Äôs Returnship program. Life happens‚Ä¶we want to make it easier for people¬†who‚Äôve taken a break in their careers to come back to work. https://t.co/xAeU9NoXgA,167,18,2021-10-23 14:28:38+00:00,2021-10-23
48,Can‚Äôt wait! https://t.co/aJas8wEE08,216,12,2021-10-23 02:23:23+00:00,2021-10-23
49,"So many cool parts of this building: ice rink made from rainwater, powered by 100% renewable electricity, tickets that double as transit passes, etc. Excited to officially open the doors of @ClimateArena tomorrow. Congrats to @OakViewGroup &amp; all involved! https://t.co/dzVeBEK2Gk",326,31,2021-10-22 00:10:46+00:00,2021-10-22
50,"Cool video of @zoox all-electric, fully autonomous robotaxi. Amazon joined forces with Zoox last year and it‚Äôs been exciting to see their technology evolve. They‚Äôve just started testing their L3 vehicles in Seattle‚Ä¶the rainy weather should be great training for the fleet and AI. https://t.co/b3I6W3dcSO",261,36,2021-10-20 21:45:40+00:00,2021-10-20
51,"Tonight's beginning for @SeattleKraken is long time in making...takes a village to bring new things to life, and this was no different. Pretty amazing team on + off ice...tonight is a new starting line for the Kraken-- giddy up! https://t.co/fbmsoi2uZW",262,13,2021-10-12 23:26:58+00:00,2021-10-12
52,"Josh‚Äôs pioneering work on Alexa‚Äôs Show &amp; Tell accessibility feature, which helps customers who are blind or visually impaired identify household items, is just one of the ways he‚Äôs made people‚Äôs lives better on a daily basis. Congrats on being named a MacArthur Fellow, Josh! https://t.co/2tQlMFAdl1",162,17,2021-09-29 13:58:31+00:00,2021-09-29
53,"Congrats to the Amazon Devices team on the array of amazing products announced today! And, thx for sneak peek on Astro‚Ä¶looking forward to customers getting a chance to benefit from a totally new kind of home robot. https://t.co/4b0MsbGcpI",542,71,2021-09-28 17:19:37+00:00,2021-09-28
54,"Really excited about today‚Äôs New World launch. More than 1 million people have been playing in Beta tests, and today, the rest of the world gets to fight for survival. https://t.co/btvzfFelwf",243,27,2021-09-28 15:24:37+00:00,2021-09-28
55,Excited about this‚Ä¶ https://t.co/ThSdy3cefs,2105,116,2021-09-09 23:58:49+00:00,2021-09-09
56,Many folks have had situations that have gone awry and where you have to improvise...few have done it gracefully as what I'm watching tonight with Dave Matthews... https://t.co/LvuCt0I86W,827,33,2021-09-05 03:30:19+00:00,2021-09-05
57,"Thinking of communities in Louisiana following #HurricaneIda. Our Disaster Relief team sent trucks in &amp; is working w/ @SaveTheChildren‚Ä¶getting 140,000+ Amazon-donated aid supplies like water, hygiene products &amp; diapers to families today. More is on the way. https://t.co/4MjWAemEY1",407,35,2021-09-02 22:35:55+00:00,2021-09-02
58,"Excited to welcome job seekers around the world to Career Day in a few weeks, our big recruiting and training event.¬†With over 55k jobs available globally, look forward to helping people learn more about these roles and launch their next chapters. https://t.co/RcsMCPha9e",259,67,2021-09-01 13:38:07+00:00,2021-09-01
59,"Today is the 15 year anniversary of EC2. Offering developers compute for $0.10/hr was pretty radical back in 2006, it's now become the norm and backbone for so many new and existing businesses. And, the #AWS team isn't close to being done innovating on EC2. Lots more to come.",1981,270,2021-08-24 16:04:04+00:00,2021-08-24
60,"RIP Rod Gilbert...an amazing player, a NY Ranger through and through, a class act, and an important figure in my childhood",128,5,2021-08-23 03:18:14+00:00,2021-08-23
61,"Seattle, we now have players on the @SeattleKraken :-). Very impressive work from GM @RonFrancis10 and his amazing Scouting and Analytics teams to assemble this initial Kraken squad‚Ä¶only 3 mos before we release the Kraken at @ClimateArena. https://t.co/wqqsfyS0CP",1124,109,2021-07-22 03:19:48+00:00,2021-07-22
62,"Congrats, @JSalke and the @AmazonStudios and @PrimeVideo teams on today‚Äôs Emmy nominations! https://t.co/88rdrTLmGG",238,19,2021-07-14 00:25:16+00:00,2021-07-14
63,"Proud that Amazon continues to support our U.S. veterans and military spouses...we employ over 40K, and making a pledge to hire 100K more in the next few years. https://t.co/8s6RXRpcLG",401,41,2021-07-13 16:29:47+00:00,2021-07-13
64,"This is pretty cool, imo‚Ä¶introducing the #AWS Bug Bust Challenge, the world‚Äôs first global competition to fix a million bugs so #developers can improve code quality, eliminate bugs, and boost app performance https://t.co/k3IB1dCJDr https://t.co/pHGSt9f3n8",369,69,2021-06-24 23:36:37+00:00,2021-06-24
65,Excited to continue to innovate with Amazon's $2B+ Housing Equity Fund with a new $300 million investment to provide thousands of affordable homes near public transportation. Big step towards empowering communities. https://t.co/JeuTi3yBsp,333,34,2021-06-16 19:12:56+00:00,2021-06-16
66,"Black-owned businesses are too often locked out of traditional ways of accessing capital, mentorship, and resources. We're committed to changing that. Proud of our Black Employee Network and Seller teams for making this accelerator a reality.¬†https://t.co/Cw9iqvbq2E",233,31,2021-06-16 05:01:27+00:00,2021-06-16
67,"3.5 hours to fly from NY to London is pretty awesome. Congrats to @bscholl + @ksavitt (my sis) at @BoomAero and Scott Kirby at @United on momentous deal. Proud to be working with both cos via AWS. 
https://t.co/jynZlMpAmR",792,73,2021-06-03 20:32:00+00:00,2021-06-03
68,"Hard not to love @brandicarlile if you're a music fan, but also if you ever get a chance to talk with her. Smart, thoughtful, authentic. Can see it in her memoir Broken Horses, and in the interview she did with me today. Thx for stopping by Amazon, Brandi! https://t.co/F4QqUiwxa1",333,19,2021-05-25 05:59:43+00:00,2021-05-25
69,"Ever thought about how many scenarios come into play when matching 32 teams across 17 games during an 18-week period‚Ä¶ all while optimizing for fairness, travel, &amp; venue availability? Customers like @NFL don't have to w/ #AWS #compute¬†https://t.co/emobvio7s0",276,57,2021-05-13 05:40:01+00:00,2021-05-13
70,"Congratulations to Samuel, Kelly, and all 100 #AmazonFutureEngineer 2021 scholarship recipients. An education in computer science can unlock so many opportunities, and I can‚Äôt wait to see these incredible students at Amazon for their internships. https://t.co/3Pr8VzYXD8 https://t.co/jox5mnueO9",449,56,2021-05-12 14:15:39+00:00,2021-05-12
71,Amazon has joined The Global Task Force led by @USChamber to help source and deliver medical equipment to India. 1000 ventilators are on their way to local hospitals in India with the first 100 arriving today. The challenges in India will take continued focus--more help is on way https://t.co/5JAZegAjqp,714,132,2021-05-05 13:55:54+00:00,2021-05-05
72,Proud of this one...lucky to work with the teammates I do on the customer missions we're aiming to solve... https://t.co/SzTp0cEVCe,324,50,2021-04-28 18:29:07+00:00,2021-04-28
73,"Very serious situation in India. Our teams are moving fast to provide support for the latest wave of #COVID19, and using our global and India-wide operations network to transport medical supplies. This is just one step, more help is on the way. https://t.co/h6vomC2JTm",3041,395,2021-04-26 20:27:52+00:00,2021-04-26
74,"Excited about teaming up with @DISHNews for telecom 1st...DISH will leverage #AWS infrastructure to build 1st cloud-based 5G network from ground-up (leveraging AWS for RAN and Core, too). Beginning of shift in how telco networks will be built... 
Link: https://t.co/rpHZ5CJmt9",274,61,2021-04-21 23:37:50+00:00,2021-04-21
75,"Thanks to @AmitAgarwal and the Amazon India team for having me. Their investment in small and medium businesses is driving remarkable innovation and economic growth in India, and the new Smbhav Venture Fund will keep that momentum going https://t.co/5ZhWXzsNxY",283,39,2021-04-15 20:25:30+00:00,2021-04-15
76,Excited to expand our relationship and can‚Äôt wait to see all the #5G use cases that Private MEC will enable... https://t.co/gj39CX7xjS,172,24,2021-04-05 20:43:44+00:00,2021-04-05
77,Pretty awesome...40% cost savings on compute is a big deal (courtesy of #AWS Graviton2 chips) https://t.co/xRcgSO94Zm,643,74,2021-04-02 01:01:53+00:00,2021-04-02
78,"The increasing anti-Asian violence in this country is pretty shocking and deeply concerning. At Amazon &amp; AWS, we stand in solidarity w/ the Pan-Asian community. #StopAsianHate https://t.co/7IpJMP6ePm",875,144,2021-03-18 21:04:22+00:00,2021-03-18
79,"Like Don, am pretty excited about the new x2gd instances...really substantial compute savings-- driven again by graviton2 chips https://t.co/zu6PuJPtml",204,21,2021-03-17 01:12:52+00:00,2021-03-17
80,"Pretty cool to see 12 Oscar nominations for @PrimeVideo, including Sound of Metal for Best Picture. Congrats, team! #OscarNoms https://t.co/moZjeHq3ix",288,21,2021-03-15 18:03:46+00:00,2021-03-15
81,"15 years ago, we launched Amazon S3, which was the start of #AWS as we know it today. Very thankful to our customers, partners, and employees ‚Äì all of whom have driven this movement that's still in its relatively early days.",4614,440,2021-03-14 19:41:55+00:00,2021-03-14
82,"Happy #InternationalWomensDay. I‚Äôm fortunate to have been shaped by many smart, courageous, resilient women throughout my life &amp; career at Amazon.",387,12,2021-03-08 22:25:27+00:00,2021-03-08
83,Teeing off @AWScloud‚Äôs collaboration w/ the @PGATOUR to change the way golf fans connect ‚Äì giving them real-time access to virtually every moment on the course &amp; letting *them* determine how they experience the game ‚õ≥ #sports #digitaltransformation https://t.co/RtdpFLWx0m,350,56,2021-03-02 22:12:19+00:00,2021-03-02
84,Congratulations to the @AmazonStudios team on a great night! #GoldenGlobes https://t.co/B4XB5NzTdj,223,12,2021-03-01 20:00:38+00:00,2021-03-01
85,"@hadip @amazon @jeffawilke Thanks to you &amp; the whole team, Hadi. We're passionate about the mission of helping all students have access to learning CS.",44,4,2021-02-26 23:17:37+00:00,2021-02-26
86,"Excited about the release of Amazon Lookout for Vision, a new industrial #machinelearning service that uses #AWS-trained computer vision models to help customers like @GEHealthcare spot defects or anomalies in products &amp; processes https://t.co/NhegQbmaMi",497,104,2021-02-25 20:28:37+00:00,2021-02-25
87,Really cool to be a part of this historic mission to bring the images &amp; sounds of #Mars back to Earth w/ @NASAJPL @NASAPersevere #CountdownToMars #AWS #space https://t.co/9fFJmHeT5y,954,190,2021-02-23 18:51:18+00:00,2021-02-23
88,Enjoyed chatting w/ @CommissionerNHL to announce how @AWScloud will support the @NHL in its digital transformation. Look forward to seeing goal &amp; faceoff probability stats in action in an upcoming @SeattleKraken game :-) #AWS #machinelearning https://t.co/30i2yrtGnY,540,91,2021-02-11 01:37:15+00:00,2021-02-11
89,"OK, that was an action-packed week :-)...Grateful for all the people who‚Äôve reached out, to Jeff for (the first) 24 yrs of learning &amp; partnership, and for the opportunity to work with the incredible teams across Amazon. Excited for what the future holds.",5454,206,2021-02-06 02:08:09+00:00,2021-02-06
90,"Well, that was a new experience. We would have liked to have been w/ you in Vegas for #AWS #reInvent, but did our best to bring 3 weeks of hopefully interesting content/learning. Appreciate so many of you (540K registered, over 300K participating in some fashion) engaging w us.",1163,105,2020-12-18 01:36:19+00:00,2020-12-18
91,Incredible finish in 2020 #AWS DeepRacer Championship Cup. Congrats to Po-Chun from Team NTCU-CGI who took home the 2020 Trophy. Duckworth was so close! Thanks to all the #developers who raced at this yr‚Äôs #reinvent ‚Äì onward to 2021. üèé https://t.co/0ow0rgtxau,169,44,2020-12-16 16:57:07+00:00,2020-12-16
92,"Really excited about working w/ @paraga &amp; the whole @Twitter team to help power the real-time, global traffic of this vibrant platform w/ @AWScloud services &amp; #infrastructure. #AWS #reInvent https://t.co/ACrq0wc2Tq",618,120,2020-12-15 22:10:33+00:00,2020-12-15
93,"While @Werner‚Äôs keynote at #AWS #reinvent may look a little different this yr (hint: location isn‚Äôt where you‚Äôd expect), think developers and builders will find it inspiring. Worth watching live tomorrow AM. https://t.co/atZloDrECJ",266,77,2020-12-14 19:39:45+00:00,2020-12-14
94,"AWS training team has been helping people by the thousands for years, now setting a bigger goal-- 29m by 2025. Could have big impact on a lot of people‚Äôs lives. Good discussion here with @JonFortt &amp; @TeresaCarlson.  #AWS #reInvent https://t.co/08nJNzTVU2",370,69,2020-12-13 00:35:49+00:00,2020-12-13
95,"Thanks for having me, @jchatterleyCNN. Was great chatting with you about #AWS &amp; the ability for #cloud to #reInvent almost every industry during the most critical &amp; challenging times, including in the wake of the current #COVID19 pandemic. https://t.co/2lPYJr5Yqj",353,83,2020-12-10 18:49:43+00:00,2020-12-10
96,Looking forward to Peter‚Äôs #AWS #reinvent keynote on AWS #infrastructure. He's prepared a really interesting talk...recommend tuning in live. https://t.co/qGIEkaSX9E,312,63,2020-12-10 01:20:09+00:00,2020-12-10
97,"Looking forward to working w/ you, Phil, &amp; entire team at @ViacomCBS to reinvent your broadcasting operations (very exciting what you're doing)... #AWS #reInvent https://t.co/tIC3nb8AgX",135,15,2020-12-09 17:56:42+00:00,2020-12-09
98,"We‚Äôre teaming up w/ @BMWGroup to develop cloud-enabled solutions for the #auto industry &amp; to upskill up to 5,000 #BMWGroup employees &amp; affiliated software engineers in #cloud tech to help them make better use of #data #machinelearning. https://t.co/7Y6mrDHZFk #AWS #reInvent",315,77,2020-12-08 22:18:53+00:00,2020-12-08
99,"Am excited for Swami's #AWS #reinvent keynote this AM (just an hr away at 8a PST). It's an interesting talk (with a lot of goodies for you, too). This is 1st time we've done #machinelearning as its own mainstage keynote. Enjoy!",237,41,2020-12-08 15:03:16+00:00,2020-12-08
100,"Really looking forward to hosting the incredibly talented @brandicarlile for a night of music &amp; conversation ‚Äì join us Monday, Dec. 7 at 8pm PT at #AWS #reInvent https://t.co/kCuwhuWWkn https://t.co/x9GWi9npAr",199,32,2020-12-07 04:28:09+00:00,2020-12-07
101,very clever musical rendition of #aws #reinvent keynote-- nice! https://t.co/035OehtaAz,173,24,2020-12-06 02:23:38+00:00,2020-12-06
102,"Well-deserved recognition for a terrific leader. We have a lot of work to do, Angelina, but committed to working with you &amp; the entire Amazon Black Employee Network (BEN) to make meaningful change. https://t.co/xAYd6dRlEQ",359,39,2020-12-04 18:14:31+00:00,2020-12-04
103,Some good stuff planned in tomorrow morning‚Äôs @AWScloud #reInvent live Partner Keynote. I‚Äôll be making a guest appearance as well. Join us - should be a good one to learn how #AWS is helping partners modernize in order to help their customers https://t.co/IYGktr8oR2,252,44,2020-12-03 00:58:04+00:00,2020-12-03
104,Love how big @boomaero is thinking and believe what they're doing is one of the more audacious initiatives I've seen in a while...excited to support the #innovative work they're doing w/ the next generation of supersonic #travel. #AWS #reInvent https://t.co/7xUUboNdgs,139,27,2020-12-02 19:00:44+00:00,2020-12-02
105,Excited about new partnership announced yesterday w/ @BlackBerry IVY...much easier for automakers to create personalized driver/passenger experiences &amp; improve operations of #cloud-connected vehicles w/ new BlackBerry QNX &amp; #AWS technology cc. @JohnChen https://t.co/jaPiikPQYV,311,72,2020-12-02 17:42:19+00:00,2020-12-02
106,"Fun to be with many of you today for the #AWS live keynote. Love being able to share the hard work and innovation from the team. 27 launches in my keynote, 43 overall today. Action-packed first day of #reInvent. https://t.co/2cgKvVchY9",749,105,2020-12-02 01:00:28+00:00,2020-12-02
107,"New Mac instances (EC2 Mac instances) enable customers to build, test, &amp; run macOS workloads in the #AWS cloud for the 1st time -- extending the flexibility &amp; scalability of AWS to all @Apple #devs, w/ pay-as-you-go pricing. #reInvent¬†https://t.co/cnFD7XRsQq",1231,276,2020-12-01 05:10:57+00:00,2020-12-01
108,Less than 24 hrs before my #AWS #reinvent keynote tomorrow morning...looking forward to being with many of you virtually (and live)... https://t.co/pR6VGYwgwF,1704,106,2020-12-01 00:24:34+00:00,2020-12-01
109,Proud to support two #tech-forward international #ecommerce powerhouses in @Mercadolibre @ZalandoTech #retail #AWS #reInvent¬†https://t.co/LQzxUbNHn7,219,47,2020-11-25 05:29:17+00:00,2020-11-25
110,"Customers really getting value and leveraging our #AWS Inferentia #machinelearning processors, which deliver 25% lower end-to-end latency &amp; a 30% reduction in costs for inference over the leading GPU-based models https://t.co/ysWfS5A28D",147,44,2020-11-20 22:06:20+00:00,2020-11-20
111,"People quickly flocking to #AWS Network Firewall, a new high-availability managed #security service letting customers enable network protections across their AWS workloads w/ just a few clicks and without needing to maintain underlying infrastructure https://t.co/pithW3hON5",382,83,2020-11-18 21:32:44+00:00,2020-11-18
112,Super cool and innovative work going on w/ @Carrier to develop &amp; prepare to globally distribute the #COVID19 vaccine. Carrier‚Äôs Lynx platform will use #AWS #IoT #machinelearning #analytics to improve transport of temp-controlled goods like vaccines. https://t.co/r4OM8grb8b,434,118,2020-11-16 01:42:51+00:00,2020-11-16
113,"Since we launched EC2 Inf1 instances powered by #AWS Inferentia, customers like @Snapchat, @CondeNast, &amp; @AnthemBCBS have used Inf1 for #ML inference at lower cost. Now #Alexa runs the majority of its inference workloads on Inf1, as well.¬†https://t.co/YiyEXD776T",315,57,2020-11-14 02:46:45+00:00,2020-11-14
114,Excited to support leading international #banking institution @StanChart - this time deepening our relationship to deliver new digital services for their customers w/ enhanced #security &amp; #reliability. #AWS https://t.co/zkVryvmnJQ,93,23,2020-11-12 20:07:43+00:00,2020-11-12
115,"Excited to give customers #AWS Glue DataBrew, a new visual prep tool that enables data scientists/analysts to clean &amp; transform #data up to 80% faster than traditional approaches, without writing any code¬†https://t.co/zLIC2vqd7n",314,62,2020-11-12 03:18:44+00:00,2020-11-12
116,@ThatEricAlper New Way Home by Foo Fighters,14,0,2020-11-12 03:18:14+00:00,2020-11-12
117,"Congratulations to #AWS customer @CapitalOne. Love how their leadership describes it here ‚Äì ""It was a cultural shift for us just as much as it was a technology journey‚Äù ‚Äì proud to be a part of both #cloud #finserv #banking  https://t.co/8ciWFwTHTx",1436,188,2020-11-11 19:00:49+00:00,2020-11-11
118,Some pre- #reInvent #storage goodies today‚Ä¶ #AWS https://t.co/LmQ3AtPJQD,244,69,2020-11-10 02:33:04+00:00,2020-11-10
119,"Excited to give customers Amazon EC2 P4d instances, the next generation of GPU-powered instances w/ 3x faster performance, up to 60% lower cost, &amp; 2.5x more GPU memory for #machinelearning training &amp; #HPC workloads vs previous generation instances #AWS https://t.co/nPfDc7IwFk",270,57,2020-11-03 16:25:28+00:00,2020-11-03
120,"Happy to announce our upcoming #AWS region in Switzerland...will help Swiss #developers, institutions, innovative #startups, &amp; world-leading pharma companies deliver #cloud-powered applications &amp; fuel economic development across the country https://t.co/DPCdTPGuMW",493,116,2020-11-02 17:56:06+00:00,2020-11-02
121,Pretty cool Coca-Cola Freestyle launch of their new mobile pour solution (concept to cup in just 100 days)! #AWS #CPG @ccfreestyle https://t.co/S5HTuEavbG,149,34,2020-10-27 18:48:13+00:00,2020-10-27
122,"So many goodies lining up for re: Invent that I‚Äôve decided not to skimp on my #AWS #reinvent keynote. Like always, it‚Äôll be live + packed full of launches, w enough goodies left over to make all 3 weeks action-packed. Different challenge this year, but looking forward to it.",1017,143,2020-10-23 22:20:29+00:00,2020-10-23
123,"Think there's something to this new #AWS chip, Graviton 2 ? Here's yet another example of how Graviton 2 is changing the game for customers on price performance of compute... https://t.co/IicXtN5fH6",235,56,2020-10-21 15:01:47+00:00,2020-10-21
124,Excited to help @TakedaPharma's cloud-driven biz transformation and the innovative new therapies that they'll enable for people...  #AWS #biotech https://t.co/bexMImdZYQ,179,43,2020-10-16 23:22:22+00:00,2020-10-16
125,Another compelling example of how customers are changing their cost/performance capabilities w/ #AWS Graviton2 https://t.co/QajkujQuLK,172,46,2020-10-15 23:31:20+00:00,2020-10-15
126,This is what we mean when we say game changer...graph is pretty compelling. Love seeing customers getting cost savings like this w/ #AWS Graviton2-based instances https://t.co/pqWbDkuTSB,542,112,2020-10-10 13:30:19+00:00,2020-10-10
127,"Excited to support¬†@Carrier‚Äôs new Lynx platform¬†which will use #AWS #IoT + #machinelearning to provide¬†greater connectivity, visibility, intelligence across the cold chain to improve safe transport of temp-controlled items¬†like food, vaccines, etc.¬†https://t.co/gQDq2le0xJ",95,29,2020-10-09 13:55:48+00:00,2020-10-09
128,"Excited to announce GA of Amazon Timestream, new #serverless #database for #IoT &amp; operational apps that can process trillions of time series events/day up to 1,000x faster than relational DBs (and for 1/10th the cost). #AWS  https://t.co/DtSBh9zv9L",563,208,2020-10-01 01:30:39+00:00,2020-10-01
129,6/6 Think if this ‚Äúsuspect‚Äù were a white celebrity that they would have come in shooting things up because that person was surprised and shot at them? They would have been more careful. We have to prioritize *all* human lives over investigations. Black lives indeed matter.,221,24,2020-09-24 17:02:57+00:00,2020-09-24
130,"5/6 Guardians of people seek to cool things down in that situation, not escalate further by shooting everything up. They pull back + talk with ‚Äúsuspects‚Äù (while still surrounding house). There was no hostage or imminent threat that couldn't tolerate backing off + talking through.",139,11,2020-09-24 17:02:44+00:00,2020-09-24
131,"4/6 With a guardian mindset, we don't barge into somebody's home to investigate drug possession and shoot down two people b/c somebody is surprised and shoots at you.",136,11,2020-09-24 17:02:33+00:00,2020-09-24
132,"3/6 Defunding the police isn‚Äôt the answer, imo. Instead, we need culture change in many police depts. Need to move from being authoritarians to guardians.",213,15,2020-09-24 17:02:26+00:00,2020-09-24
133,"2/6 Being a police officer is a dangerous and thankless job. But, it doesn't make you above the law or ramifications if you make a mistake and erroneously take somebody's life. Nobody can be above the law. Our Democracy doesn't work otherwise.",189,17,2020-09-24 17:02:04+00:00,2020-09-24
134,"1/6 Can't let Breonna Taylor death go with no accountability. We still don't get it in the US. If you don't hold police depts accountable for murdering black people, we will never have justice and change, or be the country we aspire (and claim) to be.",618,94,2020-09-24 17:01:51+00:00,2020-09-24
135,This is one of the more clever things I've seen all year...AWS Heroes community member @jeremy_daly's creative take on #AWS #serverless (a parody of ‚ÄúMy Shot‚Äù from Hamilton called ‚ÄúLAMBDA - A Serverless Musical‚Äù) https://t.co/ePocN03xaO,236,48,2020-09-18 23:20:08+00:00,2020-09-18
136,"Expanding our Graviton2-based instances w/ the launch of new Amazon EC2 T4g burstable instances. With 4 instance types offering our game-changing Graviton2 chips, customers are enjoying 40% better price performance for a wide range of workloads https://t.co/XeWhTNd0To",249,66,2020-09-15 18:46:59+00:00,2020-09-15
137,"@Gr8fulJ @Giants @NFL @NextGenStats True, JD...",2,0,2020-09-10 05:17:52+00:00,2020-09-10
138,"As a huge football fan (Go @Giants!)¬†I know the 2020 season may feel a bit different ‚Äì but we‚Äôre proud to continue partnering w/ the @NFL to bring @NextGenStats to life &amp; enhance the experience for fans, players, coaches, broadcasters &amp; more #AWS¬†https://t.co/KWKGJm7agl",241,54,2020-09-10 03:44:41+00:00,2020-09-10
139,"Excited to support @weta_digital ‚Äì the #visualeffects company known for The Lord of the Rings &amp; Avatar ‚Äì as they go all-in on #AWS to accelerate innovation &amp; content production, while enabling artists globally to create and render visual effects https://t.co/MyV3f121dx",287,92,2020-09-03 01:14:25+00:00,2020-09-03
140,Thrilled to support @telefonica_de &amp; their cloud native #5G core network deployments ‚Äî #AWS delivers full automation &amp; elasticity w/ the ability to dynamically scale &amp; allocate 5G network capacity to meet the needs of their biz customers https://t.co/TIJq0mdEFK,217,88,2020-09-02 03:56:44+00:00,2020-09-02
141,"Excited to give the #opensource community Bottlerocket, a Linux distribution built to run #containers, making it easier to manage large, distributed environments at scale &amp; automate updates https://t.co/37T1BBuIYP",524,184,2020-08-31 23:21:39+00:00,2020-08-31
142,"Excited to give customers like @salesforce &amp; @bmsnews even more durability, performance, &amp; value w/ Amazon EBS io2 volumes, delivering 100x the durability &amp; 10x the IOPS-to-storage of previous highest durability volume @ the same cost #AWS¬†https://t.co/f4t9E5m2UQ",255,56,2020-08-26 01:30:03+00:00,2020-08-26
143,"Excited to deepen our #AWS partnership with Toyota...
https://t.co/OfErMDzjAV",288,66,2020-08-18 16:50:58+00:00,2020-08-18
144,"When discontinuous events happen, those that step back, think about, and move forward on strategic initiatives that permanently evolve the business are ones that usually succeed long term. #AWS customer @IHSMarkit did just that in uncertainty of #COVID19-- https://t.co/kfZS31wSSP",94,31,2020-08-14 16:07:20+00:00,2020-08-14
145,"Excited to give developers Amazon Braket to get started with #quantumcomputing on #AWS. Still early days, but has potential to be a game changer in computing. Cool to see customers like at @Fidelity and @vw starting to experiment https://t.co/dKnROzyIs6",369,147,2020-08-13 20:44:53+00:00,2020-08-13
146,It‚Äôs cool to have Sourdough Jack aboard! @jackbox #AWS ... https://t.co/vhnInek4qh,103,33,2020-08-11 19:45:18+00:00,2020-08-11
147,"Excited to announce AWS Wavelength in Boston &amp; the SF Bay Area ‚Äì bringing #AWS compute &amp; storage to the edge of @Verizon's #5G network for customers w/ ultra-low latency use cases like autonomous driving, live event streaming, smart factories &amp; more https://t.co/FwawZTXOLb",326,104,2020-08-06 21:30:40+00:00,2020-08-06
148,How can you not love what @moderna_tx is doing to accelerate the development of vaccines...excited that we are helping #AWS #cloud #technology #COVID19 https://t.co/202pbPCtRU,396,124,2020-08-06 01:31:37+00:00,2020-08-06
149,Look forward to working w/ @GlobalPayInc to bring #payment issuer solutions to new geographic regions &amp; more customers throughout the world #tech #AWS https://t.co/GRU3w04sPL,107,32,2020-08-04 00:32:33+00:00,2020-08-04
150,Companies lose tens of billions to fraud every yr. Excited to give customers Amazon Fraud Detector so they can more easily identify identity &amp; payment fraud w/ the same #machinelearning &amp; expertise developed over 25 yrs running https://t.co/Zxxvz1iy7W #AWS https://t.co/1k99UOmcGJ,370,156,2020-07-29 17:17:14+00:00,2020-07-29
151,"Amazon Connect continues growing quickly b/c people love getting scale/perf/cost structure https://t.co/Zxxvz1iy7W has for its call center tech, and b/c Connect keeps innovating fast. Next up for Connect: Contact Lens (ML-powered analysis of CS calls) #AWS https://t.co/xuVFFWGz94",246,94,2020-07-23 22:57:06+00:00,2020-07-23
152,Excited about the release of Amazon Interactive Video Service (Amazon IVS) which uses the same technology as @Twitch to give customers the ability to add live &amp; interactive #video in their mobile &amp; web applications in minutes #AWS #livestreaming https://t.co/U6iPaVUOzy,372,129,2020-07-16 18:11:30+00:00,2020-07-16
153,"Look forward to our continued collaboration w/ @HSBC, one of the world‚Äôs largest #financialservices orgs, as they leverage #AWS to develop new digital products &amp; support security &amp; compliance standards for millions of personal banking customers worldwide https://t.co/ZHEG1rd9or",215,56,2020-07-15 21:30:48+00:00,2020-07-15
154,"Excited about GA of #AWS IoT SiteWise, which eanbles customers across industries to easily collect, organize, &amp; monitor data from industrial equipment at scale #iot #awsIoT
https://t.co/LU3gR1FlMh",179,80,2020-07-10 18:11:09+00:00,2020-07-10
155,"Excited to see customers embrace the new frontier of data with #AWS. Customer @capellaspace is going all-in, launching the world‚Äôs largest commercial Synthetic Aperture Radar (SAR) satellite system to collect data during all-weather conditions, day &amp; night https://t.co/G6VhL4uBVV",275,90,2020-06-30 21:14:08+00:00,2020-06-30
156,"GA of Amazon CodeGuru, a #developer tool powered by #machinelearning where #AWS customers get intelligent recommendations for improving code quality &amp; identifying an app‚Äôs most expensive lines of code¬†https://t.co/ORt8AnsuQj",313,110,2020-06-29 22:00:24+00:00,2020-06-29
157,"Excited to see the big, diversified data company ‚Äî @IHSMarkit ‚Äî moving from on-premises datacenters to the #Cloud and #AWS https://t.co/YXnRCv0nY8",162,44,2020-06-29 16:20:21+00:00,2020-06-29
158,Pretty cool... https://t.co/3cGTivFEIh,368,39,2020-06-25 21:41:43+00:00,2020-06-25
159,"How many apps never get built b/c people don't have programming skills or the technology team is too busy to get your app? A lot. This is what our new #AWS service, Amazon Honeycode, intends to address. Makes everybody a #builder. https://t.co/1XBCGofg5F",1285,418,2020-06-24 23:30:07+00:00,2020-06-24
160,"Super cool to see how @F1 is continuing to innovate on #AWS. Over the course of 2020 season, they'll intro 6 real-time racing stats using #AWS #machinelearning to better predict race outcomes &amp; give fans the ability to compare their favorite drivers &amp; cars https://t.co/XZsy3vcF6O",338,121,2020-06-23 22:08:02+00:00,2020-06-23
161,Agree with @Werner...interesting and thoughtful from @DonMacAskill on #ARM and #AWS#graviton2 (worth reading whole thread) https://t.co/M0ZMtZUIMU,86,23,2020-06-20 20:36:05+00:00,2020-06-20
162,"Another good decision, imo, by Supreme Court...https://t.co/cjmKNuB3mH",146,12,2020-06-18 20:06:09+00:00,2020-06-18
163,"Sometimes good things come in small packages. Introducing #AWS Snowcone, a new rugged, secure #edgecomputing &amp; #datatransfer device that@ under 5lbs fits in mailbox or backpack, enabling customers to collect data, process locally &amp; move to AWS https://t.co/Os1Hjtc0u9",478,139,2020-06-17 18:16:41+00:00,2020-06-17
164,I look at the Supreme Court decision today on making it illegal to discriminate against LGBTQ people in the workplace and think about how crazy it is in 2020 that this was even a question. Good for the Supreme Court for getting this right.,889,85,2020-06-15 20:10:33+00:00,2020-06-15
165,"Excited to bring customers the next gen of Amazon EC2 instances powered by #AWS-designed, Arm-based Graviton2 processors that deliver up to 40% better price/performance than comparable current x86 instances. Should be a game changer!¬†https://t.co/UCmidWcTmP",522,163,2020-06-12 02:13:40+00:00,2020-06-12
166,"*What* will it take for us to refuse to accept these unjust killings of black people? How many people must die, how many generations must endure, how much eyewitness video is required? What else do we need? We need better than what we're getting from courts and political leaders.",1498,276,2020-05-30 21:41:19+00:00,2020-05-30
167,"Music has been a unique unifier of people, movements, &amp; causes through the ages -- @Amazon is proud to help @GovInslee raise money &amp; support for those most impacted through this state-wide #COVID19 relief effort #AllInWA https://t.co/CSlqFU4v9u",142,34,2020-05-27 18:59:44+00:00,2020-05-27
168,"With #AWS #machinelearning &amp; #analytics, we‚Äôre bringing @Bundesliga_EN fans around the world closer to the action on the pitch with Match Facts, like probability per shot &amp; more #sports #innovation #AmazonSageMaker https://t.co/jm6K6sAgqy",222,100,2020-05-26 19:56:00+00:00,2020-05-26
169,"These 5 #renewableenergy projects in China, Australia, &amp; US bring Amazon‚Äôs renewable project count to 91, totaling over 2,900 MW of capacity, &amp; will deliver more than 7.6M MWh of energy annually. Critical step towards our 100% renewable goal #AWS https://t.co/wqkpoQCJYz",239,76,2020-05-21 16:00:30+00:00,2020-05-21
170,People have loved Amazon Macie as simple and thorough way to discover/protect their sensitive data but have asked to be less expensive to use at scale. How‚Äôs 80-90% less expensive? That‚Äôs what we delivered today after months of hard work + invention. #AWS https://t.co/zmJd84PxZ2,361,115,2020-05-14 04:54:07+00:00,2020-05-14
171,Excited to give customers our new Arm-based #AWS EC2 M6g instances that leverage our Graviton2 processors and deliver up to 40% better price-performance than the latest x86 instances. Big deal for customers. https://t.co/4csA3qmM8Q,427,111,2020-05-13 01:16:52+00:00,2020-05-13
172,"Have you ever tried to do an Intranet search like ""what time is IT Help Desk Open"" + ended up w random list of docs/links? Happens all the time at cos. Internal enterprise search is a mess...til now w launch of Amazon Kendra #AWS  https://t.co/R3gJmQyNCj",251,73,2020-05-11 21:49:00+00:00,2020-05-11
173,"Excited to give #AWS customers new warm storage for Amazon Elasticsearch...UltraWarm will let customers keep more log data, at 1/10th the cost of other warm storage options and with query perf up to 50% snappier that other warm storage solutions...https://t.co/z8klo0OFn4",197,56,2020-05-05 22:59:24+00:00,2020-05-05
174,"Proud to launch the #AWS Europe (Milan) Region and deepen our ongoing support/commitment to Italian customers ‚Äî  secure, scalable, highly available computing power is critical to helping Italian communities stay connected during this difficult time https://t.co/hFKdiYyPDB",243,72,2020-04-28 15:18:02+00:00,2020-04-28
175,"Congrats to @NFL on 1st ever remote @NFLDraft, a pretty audacious feat if you ask me. Proud of role #AWS played in powering over 100 live feeds thru 7 rounds &amp; 3 days #AWSisHow #NFLDraft  https://t.co/nuSNQrzFQI",315,85,2020-04-25 23:42:34+00:00,2020-04-25
176,Excited to give Amazon Keyspaces (for Apache Cassandra) to #AWS customers so they can run Cassandra without having to worry about managing underlying infrastructure...game changer for Cassandra users  https://t.co/kjIswGDHmI,169,55,2020-04-24 18:23:32+00:00,2020-04-24
177,"AppFlow should be exciting for #AWS customers looking to securely use data across AWS and #SaaS providers like @Salesforce, @Slack, @Marketo, etc. Game changer in ease of doing... https://t.co/a0oC54yXCN",378,111,2020-04-23 19:32:35+00:00,2020-04-23
178,"Happy to have #AWS Africa (Cape Town) Region now open, providing access to scalable, dependable, low latency, &amp; highly secure computing power in Africa that is vital to keeping organizations moving forward right now. https://t.co/9jeqlC26v9",394,109,2020-04-22 16:54:36+00:00,2020-04-22
179,"RT @RainierScholars: Thank you, @amazon, for standing by us as a #RS20thAnniversarySponsor. 

Find more inspiring stories at: https://t.co/‚Ä¶",0,2,2020-04-21 22:03:33+00:00,2020-04-21
180,"Inspired by the innovation of #AWS customers &amp; partners ‚Äì like @Nextdoor, @UCSDHealth, and so many more ‚Äì who are delivering to support those on the front lines of #COVID19 &amp; helping the rest of us remain safe &amp; productive while staying home https://t.co/HlSlrDVJv2",141,57,2020-04-16 23:40:32+00:00,2020-04-16
181,"What's esp cool is a 19-year-old Providence resident came up with the idea in order to make it easy to donate phones/tablets/laptops to #RhodeIsland hospitals ‚Äì @GovRaimondo listened/acted on idea, &amp; facilitated collaboration w/ the #medical community. Love the team innovation. https://t.co/AifnxCOgAS",118,21,2020-04-16 00:41:10+00:00,2020-04-16
182,Encouraging to see progress... https://t.co/KNKKKmun39,103,16,2020-04-13 23:34:34+00:00,2020-04-13
183,"Breakthroughs around #COVID19 will arrive faster when everyone can access &amp; experiment w/ #data on the pandemic. That's why today we made public the #AWS COVID-19 #datalake, a central repository for up-to-date &amp; curated datasets related to the virus. https://t.co/SAakcolup9",1661,777,2020-04-09 01:30:58+00:00,2020-04-09
184,Proud @amazon is helping make sure @SeaPubSchools #students from underserved &amp; underrepresented communities have the ability to keep #learning during the #COVID19 pandemic. #Seattle #community¬†https://t.co/liflyuwCTj,148,38,2020-04-06 13:35:44+00:00,2020-04-06
185,"Congrats to Isaiah Stewart in pursuing his NBA dream. Have gotten a chance to know him this past year and I'm not sure I've met a more outstanding 18 year old (as a player and person). Wherever he goes is gonna love him...we'll miss him in Seattle
https://t.co/U1UP70L1ir",79,5,2020-04-01 22:45:07+00:00,2020-04-01
186,"Cool story...one of many ways companies in the Seattle community are trying to help in this crazy time...

https://t.co/MEfc6lUwsy",111,24,2020-04-01 13:57:53+00:00,2020-04-01
187,The very best who ever did it... https://t.co/qsL9wkugzb,38,2,2020-03-22 05:37:33+00:00,2020-03-22
188,"With the #AWS Diagnostic Development Initiative, we're helping customers bring better, more accurate #COVID19 #diagnostic solutions to market ‚Äì faster detection enables faster treatment, containment, &amp; in time will help shorten the course of this epidemic. https://t.co/UcmHldFRYh",536,261,2020-03-20 17:46:49+00:00,2020-03-20
189,Thought this was pretty amusing...Happy Caturday:¬†https://t.co/l0jcXSCvYa  @AWScloud #AmazonSageMaker #AWSDeepLens #AWS,150,43,2020-03-01 14:19:19+00:00,2020-03-01
190,"This is the kind of big change and transformation that‚Äôs possible w/ the right leadership, senior-management conviction, and alignment from customers. Really cool to see, @fredlee @carsdotcom! #AWS #cloudcomputing¬†https://t.co/ZzX6qqEAPL",284,73,2020-02-27 01:33:18+00:00,2020-02-27
191,"Really enjoyed speaking @NBA Tech Summit today ‚Äì interesting conversations around #innovation and the future of #tech. Thank you, Commissioner Silver, for the invite! #NBAAllStar #AWS",190,24,2020-02-14 20:13:50+00:00,2020-02-14
192,Looking forward to partnering deeply with Carrier in their cloud transformation and current and future innovation... https://t.co/XM0sdoTqCl,240,46,2020-02-05 22:58:55+00:00,2020-02-05
193,"Really cool to see #AWS partners like VoiceFoundry, who are helping customers modernize their contact centers with #AmazonConnect (VoiceFoundry, which solely focuses on Amazon Connect implementation, is realizing 400-600% yoy growth):¬†https://t.co/wo8mQ9oQfl",205,61,2020-01-30 15:24:25+00:00,2020-01-30
194,"Thank you, President Sanchez. Excited to continue supporting Spain‚Äôs #tech #innovation with @AWScloud #Davos2020 https://t.co/gTn6GxKuct",210,48,2020-01-22 23:50:39+00:00,2020-01-22
195,Germany‚Äôs premier football league¬†@Bundesliga_EN¬†is going all-in on¬†#AWS. Love the recent acceleration in cloud adoption in¬†#sports¬†+ seeing¬†#AWS¬†#machinelearning¬†#analytics¬†deliver in-depth insights &amp; enable new personalized fan experiences¬†https://t.co/RKz2lQo3FP,180,73,2020-01-16 02:31:41+00:00,2020-01-16
196,RIP to perhaps my favorite college professor...SRO for his lectures and I felt lucky to be in his class... https://t.co/fKFTNCe4uq,48,3,2020-01-08 05:08:24+00:00,2020-01-08
197,"I love the movie October Sky. So well made, but also a reminder that when folks say your ideas are nonsense, waste of time, unsafe, never going to amount to anything, double down if you have conviction. Think of how many of the world's most important inventions started this way.",470,51,2019-12-27 01:44:47+00:00,2019-12-27
198,Two thank you's ‚Äì to #Seattle‚Äôs own Franklin High School for having me &amp; to the 100+ of my fellow #Amazon volunteers who came out &amp; inspired kids to try #computerscience through @codeorg‚Äôs #HourOfCode today #AWS #AmazonFutureEngineer #AWSEducate https://t.co/IE6CAhNAfD,268,41,2019-12-13 01:48:34+00:00,2019-12-13
199,"I can't believe how good the first year of #IntersectFest was. Unbelievable music line-up  (last night, Foos, Anderson Paak, Zach Person, Shawn Mullins, Willy Porter all were awesome), amazing venue, really cool art and tech displays...really festive. Wish there was one more day!",128,11,2019-12-08 16:22:41+00:00,2019-12-08
200,"The first day of #IntersectFest was fantastic yesterday. Beck was incredible. So good. H.E.R. also crushed it. Lineup today is *so* good. Can't wait for Willy, Shawn, Zach, Brandi, Anderson Paak, and Foos!",93,4,2019-12-07 22:11:18+00:00,2019-12-07
201,"Just wanted to thank everybody for being with us this week at #awsreinvent...it's our favorite week of the year, inspiring for all of us on the #AWS team to be with so many of our customers, a great learning week for us, and energizing. Hope you enjoyed, too.",1158,114,2019-12-07 19:40:25+00:00,2019-12-07
202,Really excited about our #AWS partnership with the #NFL and the ability to transform player health and safety outcomes for the game. https://t.co/Eol7xACPMr,219,59,2019-12-05 21:23:27+00:00,2019-12-05
203,"Congrats to SOLA, our 2019 #AWS DeepRacer champion. First female champion and multiple world records! On to 2020 and head to head racing!! #awsreinvent https://t.co/wMIKAcfnCd",326,110,2019-12-05 17:05:51+00:00,2019-12-05
204,"Super-excited about our new security service called Amazon Detective, which analyzes trillions of data points to make it easier to conduct faster, more efficient investigations into potential security issues across their workloads¬†https://t.co/kQchhkx8Hw¬†#AWS #reInvent",362,114,2019-12-05 02:49:58+00:00,2019-12-05
205,Customers have been asking for ways to experiment w/ #quantumcomputing &amp; explore the technology‚Äôs potential ‚Äì excited to give folks that capability with #AWS Braket¬†https://t.co/eel9tb0dGl¬†#reInvent,645,277,2019-12-03 03:48:20+00:00,2019-12-03
206,Some late night writing trying to finish this year's version of my #AWS #reInvent keynote...almost done. Almost exactly a week away...see you soon! https://t.co/DWgd2NHeOW,940,70,2019-11-26 06:04:51+00:00,2019-11-26
207,"Looking forward to helping the #Seattle @Seahawks drive deep analysis of #NFL game footage, inform game strategy, &amp; deliver actionable insights to positively impact decision-making with #AWS #cloud, #machinelearning, &amp; #artificialintelligence https://t.co/xK56BV3IPK",307,84,2019-11-25 16:57:10+00:00,2019-11-25
208,Few pre-#reinvent goodies-- several very useful enhancements to our #AWS #storage services: https://t.co/nQvdeistKK,179,61,2019-11-22 00:14:09+00:00,2019-11-22
209,. @WesternUnion just announced #AWS as its preferred long-term strategic cloud provider to build a more seamless &amp; reliable experience for its customers who send money &amp; #payments to over 200 countries and territories around the globe:¬†https://t.co/BsmxMVYfA5,269,61,2019-11-20 19:31:49+00:00,2019-11-20
210,@WesternUnion¬†just announced #AWS as its preferred long-term strategic cloud provider to build a more seamless &amp; reliable experience for its customers who send money &amp; #payments to over 200 countries and territories around the globe:¬†https://t.co/BsmxMVYfA5,2,0,2019-11-20 14:47:43+00:00,2019-11-20
211,Excited about today‚Äôs announcement of #AWS Data Exchange ‚Äì because doing #machinelearning &amp; #analytics at scale requires easy access to high quality data sets #AWS¬†https://t.co/YRpEOG73Cl,443,179,2019-11-14 01:41:09+00:00,2019-11-14
212,"Working through our #AWS #reInvent keynotes, along with the other launches we have coming in Las Vegas, we've decided to announce some earlier. Some interesting ones coming the next couple weeks...and a few goodies at re:Invent as well. Look forward to seeing folks in few weeks,",582,124,2019-11-13 19:10:11+00:00,2019-11-13
213,@alsadowski like this suggestion a lot! hard to argue with Springsteen.,2,0,2019-11-13 19:04:06+00:00,2019-11-13
214,"As arguably the largest current employer of US Military Veterans in the world, we couldn't be more appreciative of the skills that Veterans bring to our mission, and we are incredibly thankful to Veterans all over the world for their service to our country.",316,39,2019-11-11 16:10:57+00:00,2019-11-11
215,Very exciting day for the Sounders in Seattle...cool to see the city come together as one (at least for a day)... https://t.co/sP1vnfh8ah,90,4,2019-11-10 22:59:06+00:00,2019-11-10
216,This was a great picture from a great moment in a great comeback last night.  pihttps://twitter.com/i/moments/1193236614681526274,41,0,2019-11-10 00:21:35+00:00,2019-11-10
217,"@sasan_goodarzi Up at 6a, work out on elliptical for an hour while reading docs I brought home from work the night before and watching Get Up on ESPN...the one quietish hour to myself all day.",11,0,2019-11-06 07:01:25+00:00,2019-11-06
218,"Big congratulations to all teams involved! And, some great resources in here for those curious how they did it...#AWS #database services https://t.co/3SPD8aD2Wa",609,117,2019-10-15 21:22:07+00:00,2019-10-15
219,"Pretty unusual and cool, imo...

https://t.co/CbngVmHkCC",161,35,2019-10-13 16:15:06+00:00,2019-10-13
220,"Happy to see the CA legislation on banning private prisons. It's nuts that the US has 5% of the world's population and 25% of the imprisoned population. And, the racial bias with which this incarceration is happening is awful. Hope they go after the three strikes law next.",370,51,2019-10-12 22:21:20+00:00,2019-10-12
221,"Excited about our newly launched service, #AWS AIQ, which lets customers quickly find, engage, &amp; get help from AWS-Certified 3P experts for on-demand project work. Changes game for newer AWS customers in access to experts and speed to deployment https://t.co/Mpn35kgMp6",292,93,2019-10-07 19:14:54+00:00,2019-10-07
222,Cool story on how @PFF @CollinsworthPFF are using #AWS to uncover never-before-seen metrics that will change the way that teams &amp; fans experience football #machinelearning:¬†https://t.co/KEUSUGyXsp.,253,171,2019-10-04 00:42:40+00:00,2019-10-04
223,"Thought this short video was pretty cool...love what Convoy is doing to change freight and trucking in this country, and interesting to see how they're using #AWS SageMaker to change drivers' lives. https://t.co/oLr2wss7RK",149,62,2019-09-30 15:16:16+00:00,2019-09-30
224,"Customers like @EA &amp; @clarifai excited about the general availability of #AWS EC2 G4 instances to help accelerate computationally demanding tasks that benefit from additional GPU acceleration, like #machinelearning inference &amp; graphics-intensive workloads https://t.co/2VCRSMVZAO",151,54,2019-09-20 21:47:50+00:00,2019-09-20
225,Excited and committed to meet this challenge...important for our collective future. https://t.co/lVKUdko4oe,368,43,2019-09-20 00:56:15+00:00,2019-09-20
226,AWS developer communities are led by a passionate set of people whose silent work often goes unnoticed. That‚Äôs why I‚Äôm excited to see our current 5 #AWS Community Heroes in #India recognized for their evangelism &amp; customer obsession.¬†https://t.co/pOeOmvyIHs,352,104,2019-08-26 19:46:30+00:00,2019-08-26
227,"Saddened to hear about long-time Amazonian and early AWS teammate Peter Cohen passing. There's no AWS without Peter, who wrote working backwards doc on S3 (then S4) and mturk (which he also ran). RIP Peter.",368,41,2019-08-14 14:00:08+00:00,2019-08-14
228,"RT @foofighters: VEGAS - GOOD TIMES AHEAD!! üé≤
@intersectfest Dec. 6 - 7
Tickets on sale this Friday, 8/16. 
https://t.co/lQ0JyJI4wZ

#Inter‚Ä¶",0,58,2019-08-13 19:20:30+00:00,2019-08-13
229,"Interesting CNBC video about how the #AWS #Snow family (Snowball, Snowball Edge, &amp; Snowmobile) is helping customers of all sizes move massive amounts of data ‚Äì think exabytes ‚Äì to #AWS via physical devices, and sometimes, even an 18-wheeler https://t.co/yvV8URrvMk",177,60,2019-07-23 21:22:36+00:00,2019-07-23
230,"Though FUD and drama sell, the facts are often a little different.. https://t.co/W8WH6q8KJp",133,65,2019-07-17 13:58:36+00:00,2019-07-17
231,Pretty cool... https://t.co/HjPXy3RPbN,160,23,2019-07-05 18:16:00+00:00,2019-07-05
232,RT @DavidZapolsky: I'm proud that over the last two decades @Amazon has consistently weighed in as an amicus curiae to argue in favor of ma‚Ä¶,0,12,2019-07-03 11:20:07+00:00,2019-07-03
233,Love this...we have to be helping kids develop the skills they need to participate in the economy that's taking shape...excited about how #AWS is continuing to partner with academic institutions on this...not close to being done! https://t.co/eeSHnsvC9c,165,36,2019-06-13 14:18:32+00:00,2019-06-13
234,@UnderscoreVC @Ivonnics @lilylyman Michael Skok-inspired!,5,0,2019-05-31 16:25:40+00:00,2019-05-31
235,"Customers like @PwC &amp; @globeandmail excited about general availability of Amazon Textract, a new #AWS #machinelearning service that offers ability to extract text &amp; data, including from tables &amp; forms, in virtually any document w/ no ML experience required https://t.co/HQb7vErkWR",168,83,2019-05-30 10:34:11+00:00,2019-05-30
236,"With #AWS Ground Station, we‚Äôre excited to make space communication ubiquitous &amp; ground stations simple and easy to use so more organizations can derive insights from satellite data to improve life on earth and embark on deeper space exploration.¬†https://t.co/dmPGV0bYBB",222,95,2019-05-23 17:24:12+00:00,2019-05-23
237,"The #AWSDeepRacer League hailed another champion ‚Äì congrats to Jouni @Cybercom, 1st¬†place winner of the #AWSSummit #Stockholm race w/ a lap time of 08.732 secs. Shaping up to be an exciting Championship Cup finals at @AWSreInvent 2019.¬†#AWS https://t.co/dJw4IDeTRa",124,27,2019-05-22 23:53:19+00:00,2019-05-22
238,Amazing work from students at St Mary's Primary School in England who took 1st in their category at the Raspberry Pi National Competition by developing an #RFID device connected to the #AWS cloud to help children safely walk to school #STEM #cloudcomputing¬†https://t.co/bSt6kYBDSw,167,54,2019-05-17 13:45:56+00:00,2019-05-17
239,Congratulations to #AWS customer &amp; Indian OTT/streaming giant @hotstartweets for breaking the global record for simultaneous streams w/ 18.6 million users watching the Indian Premier League #cricket tournament finals this past weekend: https://t.co/gHTMGVGbpe,517,180,2019-05-16 00:03:13+00:00,2019-05-16
240,"We are thrilled to support @seattleu as they expand #computerscience, #engineering, &amp; #STEM #education programs, so everyone ‚Äì including women &amp; underrepresented minorities ‚Äì has the resources &amp; skills to build their best future: https://t.co/rRAxDhroiA. #Amazon #AWS",124,29,2019-05-13 16:43:27+00:00,2019-05-13
241,"Proud of the role #AWS continues to play in empowering builders. With AWS, any #startup or #entrepreneur has the technology resources &amp; capabilities once only available to big companies: https://t.co/6U9djgAQnN",204,47,2019-05-08 21:12:57+00:00,2019-05-08
242,"Today‚Äôs #AWS Asia Pacific (Hong Kong) Region launch marks 8th¬†AWS Region in Asia Pacific &amp; mainland China (along w/ Beijing, Mumbai, Ningxia, Seoul, Singapore, Sydney, &amp; Tokyo). AWS now spans 64 Availability Zones across 21 regions globally:¬†https://t.co/rgJ0XEby8y.",331,122,2019-04-25 05:09:15+00:00,2019-04-25
243,"Insurance technology leader¬†@Vertafore¬†announced #AWS as their preferred cloud provider, standardizing on AWS for #AI &amp; #ML workloads, to accelerate its pace of innovation, unlock data-driven insights, and automate insurance processes in the cloud:¬†https://t.co/DaE1t259MR.",94,34,2019-04-24 20:39:25+00:00,2019-04-24
244,"Today¬†@Ford¬†&amp; Autonomic, creators of the Transportation Mobility Cloud (TMC), announced that TMC will be powered by #AWS. We're excited to collaborate with Ford on reinventing vehicle connectivity &amp; mobility experiences:¬†https://t.co/wN3jHm8Sih.",268,103,2019-04-24 02:00:10+00:00,2019-04-24
245,@RainierScholars @amazon It's an honor for Amazon to be involved in the amazing work Rainier  Scholars is doing in the Seattle community. There is no bigger game  changer for people in this country (esp for those not living in affluent zip codes) than having access to fantastic education.,18,0,2019-04-22 22:32:47+00:00,2019-04-22
246,"RT @awsgeek: My updated 2019 Periodic Table of Amazon Web Services, including new services announced at re:Invent 2018. Created with @Lucid‚Ä¶",0,174,2019-04-20 19:13:17+00:00,2019-04-20
247,"How can CBS not be showing Tiger live on this broadcast? I get he's not leading, but 3 back + most compelling figure in sports (forget golf)",102,0,2019-04-13 19:22:46+00:00,2019-04-13
248,Congrats Arthur Pace for winning Paris #AWS DeepRacer League stop--see you@ Championship Cup at re:Invent 2019! https://t.co/YRlrK8VVU5,136,27,2019-04-05 14:16:29+00:00,2019-04-05
249,"In 1st week of availability, #AWS S3 Glacier Deep Archive has grown 3x faster than any other storage class in 13 yrs since S3‚Äôs launch. Not shocking given Deep Archive is lowest cost storage in cloud &amp; better than on-prem tape. But, still interesting how quickly it's taken off.",548,183,2019-04-04 14:11:04+00:00,2019-04-04
250,RT @amazonnews: The first 100 recipients of the Amazon Future Engineer college scholarship have been announced. Congratulations to these de‚Ä¶,0,51,2019-04-02 13:56:47+00:00,2019-04-02
251,RT @Werner: Congrats to the @Amazon Fulfillment teams for completing the migration off Oracle to 100% #AWS. #databasefreedom https://t.co/V‚Ä¶,0,519,2019-03-30 21:06:39+00:00,2019-03-30
252,Congrats to DeepRacer League winner from Santa Clara #AWS Summit yesterday...Chris Miller took home top prize. https://t.co/OisxB4kisE,89,30,2019-03-28 16:18:09+00:00,2019-03-28
253,"Excited that leading African bank, Standard Bank, has chosen #AWS as its preferred provider as it makes its significant shift to the Cloud https://t.co/2Yyd65aIlN",167,55,2019-03-27 22:51:51+00:00,2019-03-27
254,Pretty revolutionary partnership between Volkswagen and AWS...very excited about helping Volkswagen reinvent how their  cars are made...https://t.co/9MqGI3KVOS,546,213,2019-03-27 13:38:48+00:00,2019-03-27
255,@DGoodison it was Shawn Colvin at the Beacon in NYC.,2,0,2019-03-13 18:24:06+00:00,2019-03-13
256,"On this International Women's Day, am reminded of how appreciative and honored I am to work with the group of women I do every day at #AWS.  Here are a few stories of their stories: https://t.co/q7XLgFL9iB",189,50,2019-03-09 00:02:41+00:00,2019-03-09
257,"Cool story on how one of the earliest adopters of #AWS in India, startup @redBus_in, uses Amazon SageMaker to improve conversion + click-through rates &amp; decrease go-to-market from months to weeks. Worth a watch: https://t.co/SdeQLlQMZO #cloudscale",201,103,2019-03-08 15:07:32+00:00,2019-03-08
258,"Watching that Grammys performance, hard not to love Brandi Carlile...just so good.",57,3,2019-02-11 04:00:45+00:00,2019-02-11
259,Excited about #AWS continuing to deepen investment in open source... https://t.co/Z4oGjl9gpE,262,92,2019-01-31 14:54:33+00:00,2019-01-31
260,Think this is pretty cool...Amazon to fund computer science classes in more than 130 NYC high schools https://t.co/AnFwolMuAo,720,395,2019-01-30 01:17:33+00:00,2019-01-30
261,"At #reInvent we announced #AWS LakeFormation (Data Lake), Control Tower (Landing Zone), and Security Hub (Security Posture) #abstractions. Excited to release another today in AWS Backup, to make backups much simpler across AWS services https://t.co/3ZG6bsDLpR",306,150,2019-01-17 01:44:33+00:00,2019-01-17
262,Our customers love #serverless #containers. We love our customers. Excited that we just reduced AWS Fargate prices by up to 50%...neat to see how fast Fargate is growing (easiest way to run containers anywhere): https://t.co/DjSA7xhVd3¬†#AWS,422,146,2019-01-12 18:37:41+00:00,2019-01-12
263,"""@Giants: 1/11/87 - 32 yrs ago today, the #NYGiants blanked Washington Redskins 17-0 in the NFC Championship‚Ä¶ https://t.co/ShB4dqsIBT""",14,0,2019-01-12 18:18:44+00:00,2019-01-12
264,Perhaps the biggest surprise for me from all of re:Invent is how excited #AWS customers are about Transit Gateway. Game changer for simplicity in designing scaled networks in the cloud and consolidating connectivity to on-premises. https://t.co/HO46r1WVtl,336,98,2018-12-21 14:32:33+00:00,2018-12-21
265,This piece captures the shady &amp; desperate tactics of Old Guard tech re: JEDI: https://t.co/9mKNEBN9Un. ‚ÄúPlaying The ‚ÄúRussia Card‚Äù In The JEDI Competition Is A Sign Of Desperation‚Äù,88,33,2018-12-17 14:25:34+00:00,2018-12-17
266,"Good for Roy Williams...seriously, UNC??  https://t.co/ccwtnjCfLJ",29,2,2018-12-16 02:20:46+00:00,2018-12-16
267,Another new AWS Region- Stockholm @Werner: Expanding the #AWS Cloud ‚Äì Introducing the AWS Europe (Stockholm) Region https://t.co/5HRL5y2CJp,246,87,2018-12-12 14:44:00+00:00,2018-12-12
268,"RT @StephenSchmidt: If you missed anything security related from #reInvent, check out my recap on the AWS Security blog of major announceme‚Ä¶",0,308,2018-12-10 22:15:00+00:00,2018-12-10
269,Quick note to say thx to everybody who came to #AWS #reinvent. We had a blast being there with you and learned a lot.  Hope you found it useful+fun.,732,74,2018-12-01 00:44:05+00:00,2018-12-01
270,Really illuminating description by @werner in his keynote just now of the substantial innovation in Amazon Aurora #aws#reinvent,189,23,2018-11-29 16:50:50+00:00,2018-11-29
271,"Congrats to 2018 DeepRacer League Championship Cup winner, Rick Fish #aws#reinvent...captivating performance! https://t.co/zuHXq5UEOh",196,31,2018-11-29 16:17:42+00:00,2018-11-29
272,"New A1 instances are 1st to be powered by custom #AWS Graviton processors, based on @Arm architecture. Excited to pass cost savings back to customers, reducing them by up to 45% for scale-out workloads (like microservices &amp; web servers): https://t.co/bwpSRi4HMI. #reInvent",520,255,2018-11-27 05:34:22+00:00,2018-11-27
273,"Looking forward to seeing folks at #reInvent this week. If there Sunday, join us @10:30p for Midnight Madness. Countdown to 1st launch at midnight, several festive happenings like 5th annual Tatonka wing eating contest (going for GWR again)¬†https://t.co/z7yBnnuaHH  #AWS",288,67,2018-11-25 01:32:24+00:00,2018-11-25
274,@electronicalias Midnight Madness is the lead-up to official start of Re: Invent and we always celebrate at Midnight with our 1st launch,8,0,2018-11-13 19:55:23+00:00,2018-11-13
275,New #AWS Region in Italy coming in *2020*... https://t.co/inwkzfcYEN,445,164,2018-11-13 15:55:36+00:00,2018-11-13
276,"Am now fully though a decent draft of my #AWS #reInvent keynote, and it‚Äôs chock-full. Gonna try to squeeze 4 hrs of content into less than 3. Will be action-packed end to end. Had to move a bunch of things out, so expect some goodies in the next two weeks. https://t.co/KeG9UzaUvG",827,129,2018-11-12 23:50:26+00:00,2018-11-12
277,"In latest episode of ""uh huh, keep talkin' Larry,"" Amazon‚Äôs Consumer business turned off its Oracle data warehouse Nov 1 and moved to Redshift. By end of 2018, they'll have 88% of their Oracle DBs (and 97% of critical system DBs) moved to Aurora and DynamoDB. #DBFreedom",2156,806,2018-11-09 19:35:22+00:00,2018-11-09
278,"Sad to hear that all-time great teacher Eric Rothschild passed. Undoubtedly had biggest impact on my academic development. Convinced me in HS that I was more than an athlete, encouraged me to write daringly, had more confidence in me than I did in myself. Lucky to know Mr. R.",119,3,2018-10-31 04:12:01+00:00,2018-10-31
279,"Looked at #aws#reinvent nos today-- amazed how fast tix have gone...almost sold out (4 weeks before event) despite opening up more spots this year. Looking forward to spending time with all of you. For those still thinking about it, would recommend you giddy up before too late...",253,59,2018-10-26 14:17:41+00:00,2018-10-26
280,"Today we announced a new Region coming to South Africa in 1st half of 2020. Since opening our dev center in Cape Town 14 yrs ago, we‚Äôve seen builders &amp; entrepreneurs innovate to help African economies grow. Anticipate #AWS Region will help this accelerate: https://t.co/S5qWTrw2vS",254,96,2018-10-25 16:54:21+00:00,2018-10-25
281,"@tim_cook is right. Bloomberg story is wrong about Amazon, too. They offered no proof, story kept changing, and showed no interest in our answers unless we could validate their theories. Reporters got played or took liberties. Bloomberg should retract. https://t.co/RZzuUt9fBM",414,218,2018-10-22 15:57:25+00:00,2018-10-22
282,Proud that Amazon is leading the way here...significant impact for hundreds of thousands of our employees... https://t.co/Od2yuTPwiq,391,90,2018-10-02 14:59:29+00:00,2018-10-02
283,"Today we announced Amazon Relational Database Service (Amazon RDS) on @VMware, which will make it easy for customers to  set up, operate, &amp; scale #databases in on-premises &amp; hybrid environments, as well as migrate them to #AWS: https://t.co/2kHOR0z59s.",499,304,2018-08-27 18:04:50+00:00,2018-08-27
284,"Together w/ @DXCTechnology, we announced the DXC AWS Integrated Practice that will offer secure, cloud-first solutions to enable DXC clients to easily migrate to the Cloud, innovate in their industries, and better adapt to dynamic market conditions: https://t.co/pOytnehb8I¬† #AWS",128,52,2018-08-09 00:03:38+00:00,2018-08-09
285,1st #AWS DeepLens Challenge aimed at driving inclusion between people of all abilities. For each project that meets entry criteria we will donate $249 (retail price of an AWS DeepLens) to the @nwcenter. The more submissions the better!: https://t.co/BXpaafEdBj,69,42,2018-07-10 21:50:18+00:00,2018-07-10
286,"Together w/ @Intel, we kicked off the 1st of 8 #AWS DeepLens challenges aimed at improving the world by giving people hands-on experience w/ #machinelearning. Excited to see what #devs build, particularly those leveraging custom models in Amazon Sagemaker: https://t.co/0r5c3LOgJR",122,67,2018-07-10 21:49:29+00:00,2018-07-10
287,"Right on July 4th, we pass the 80k database migration mark. Fitting symbolism as we celebrate life, liberty, and the pursuit of happiness. DB Migration from old guard to AWS continues to accelerate. #DBfreedom #AWS",296,115,2018-07-05 21:38:46+00:00,2018-07-05
288,"Congrats to 1st graduating 8th grade class at @RainierPrep. I'm amazed at the quality of staff, education, and results at Rainier Prep in just a few years.  Very inspiring. https://t.co/8MQKAPdiWR",85,7,2018-06-19 23:25:01+00:00,2018-06-19
289,RT @amazonnews: Statement on Seattle City Council's vote: https://t.co/4LjHFGlQwf,0,49,2018-06-12 22:24:04+00:00,2018-06-12
290,Our managed Kubernetes service (Amazon EKS) is now generally available...lot of customers excited... https://t.co/Q2LxUFE4ap ‚Ä¶ #AWS #K8s,449,249,2018-06-05 18:28:26+00:00,2018-06-05
291,Congratulations to the happy couple; cool to see @SkyUK and @nytimes using #AWS for streaming and celebrity recognition using machine learning for all the well wishers watching globally: https://t.co/SuLA6kqYGv #RoyalWedding,272,109,2018-05-19 20:22:23+00:00,2018-05-19
292,Excited that Verizon Selects #AWS as its Preferred Public Cloud Provider | Business Wire https://t.co/Q0OuW3kEko,246,107,2018-05-15 13:47:02+00:00,2018-05-15
293,Good article re: what's happening in DBs #AWS #dbfreedom The era of the cloud database has finally begun | InfoWorld https://t.co/220TuKiy5v,144,66,2018-05-12 16:29:55+00:00,2018-05-12
294,100+ business CEOs wrote/signed this letter... Open Letter ‚Äî Business Leaders Speak Out On the Seattle ‚ÄúHead Tax‚Äù https://t.co/Z41i3ZJ4pX,54,25,2018-05-09 16:14:45+00:00,2018-05-09
295,"Today,@oath¬†announced #AWS as its preferred public #cloud provider across its #media &amp; #tech brands¬†https://t.co/bUptbB1r2S",167,74,2018-05-01 17:41:16+00:00,2018-05-01
296,Insane what Seattle's considering--Seattle Business Head Tax Proposal Threatens Thriving Tech Sector - https://t.co/VxrdLlqhD3,60,22,2018-04-26 15:28:33+00:00,2018-04-26
297,Congrats to @DonMacAskill and the awesome SmugMug team-- SmugMug snaps up Flickr photo service from Verizon's Oath https://t.co/fn7QePDMe9,65,19,2018-04-21 02:17:17+00:00,2018-04-21
298,Seattle should reject head tax on jobs | The Seattle Times https://t.co/4Qv5GEvoGh,34,9,2018-04-21 00:05:03+00:00,2018-04-21
299,Just passed 65K DB migrations to #AWS.¬†Turns out that #DBfreedom and having the right DB solution for each workload are strong pulls.,261,100,2018-04-10 00:33:38+00:00,2018-04-10
300,"Today, @CoxAutomotive &amp; @Shutterfly announced going all-in on #AWS. Both also tapping AWS ML to improve cust exp https://t.co/xUb1oaqm34¬†#AWSSummi",138,49,2018-04-04 20:17:12+00:00,2018-04-04
301,"Big deal for those needing truly managed, highly scalable NoSQL DB...DynamoDB Point-In-Time Recovery (PITR) https://t.co/arm5wekrx7",305,335,2018-04-02 13:55:01+00:00,2018-04-02
302,Congratulations to the winner of the DeepLens Hackathon; from no machine learning experience to an app that can read books aloud ‚Äì very cool: https://t.co/MyBHEMZ6Km,263,98,2018-03-17 20:49:36+00:00,2018-03-17
303,"Happy Int'l Women's Day...am lucky to work with amazing, inventive, customer obsessed women at Amazon. Amazing builders.",184,36,2018-03-08 16:37:13+00:00,2018-03-08
304,"This was last Saturday night, but clip is so good and love passion of radio guy...this Huskies team is really fun... https://t.co/ctMf0WxJcI",29,4,2018-02-08 12:59:44+00:00,2018-02-08
305,Neat to see NFL using machine learning game-changer Amazon SageMaker to change their customer experience and games https://t.co/6av69nxXX2,243,132,2018-02-03 01:13:40+00:00,2018-02-03
306,@OfficialJLD Loved your Dad...went to many NYR games with him as a kid + always remember how he listened to my 10yr old analyses in between periods and made me feel like he was really interested,21,0,2018-02-01 06:03:27+00:00,2018-02-01
307,@colincarrier @kvogt @Twitch @gcmovie haven't seen yet. Heard good things about it.,2,0,2018-01-23 22:54:17+00:00,2018-01-23
308,"Just at Sundance film festival. Top 4 faves: 1/ Don't Worry, He Won't Get Far on Foot; 2/ Blindspotting; 3/ Studio 54; 4/ Private Life.",59,8,2018-01-23 03:11:26+00:00,2018-01-23
309,"RT @ajaynairthinks: Remember back in re:invent 2017 when we said Go and .NET 2.0 was coming soon on #AWS Lambda? Well, Soon is here :) #ser‚Ä¶",0,64,2018-01-17 23:03:08+00:00,2018-01-17
310,RT @Intuit: Hey @ajassyüëã! The new #AWS Amazon SageMaker forecasting algorithm is key to helping us power prosperity in 2018! https://t.co/4‚Ä¶,0,26,2018-01-09 07:00:41+00:00,2018-01-09
311,"Amazed that 1000s of customers already using Amazon SageMaker since #AWS #reinvent launch (including @intuit, @hotelsdotcom, @digitalglobe). We just added new forecasting algorithm-- look forward to how customers use. https://t.co/BVe1x7Smww",296,178,2018-01-08 23:20:59+00:00,2018-01-08
312,"And just 1 mo after hitting 45K DB migrations, we pass 50K mark (w Holidays downtime mixed in)...pace continuing to accelerate #DBfreedom #AWS",114,34,2017-12-28 21:08:27+00:00,2017-12-28
313,@timpaydos think they rooked you for the extra $0.41,1,0,2017-12-20 01:40:22+00:00,2017-12-20
314,@timpaydos yes! With the $0.99 long necked knickerbocker beers and all you can eat wings trays at 5p and 6p on thursdays!,0,0,2017-12-19 22:31:58+00:00,2017-12-19
315,"New #AWS Paris Region launched https://t.co/S5t34AJ8dw our tens of thousands of French customers, ""allons-y!""",333,182,2017-12-19 04:46:27+00:00,2017-12-19
316,"Thx to the #AWS community for making #reInvent '17 an inspiring, energizing, + festive week. Hope you found it interesting and worthwhile.",486,90,2017-12-02 02:57:41+00:00,2017-12-02
317,"RT @JeffBezos: Of all the news coming out of AWS #reInvent this week, I hope you didn‚Äôt miss this one. Set a Guinness World Record for larg‚Ä¶",0,590,2017-12-01 14:44:32+00:00,2017-12-01
318,"Here's Amazon GuardDuty, intelligent threat detection that continuously monitors #AWS accounts &amp; workloads #reInvent https://t.co/RHtk5udU06",214,107,2017-11-29 05:51:43+00:00,2017-11-29
319,RT @jeffbarr: Amazon #EC2 Bare Metal Instances with Direct Access to Hardware - https://t.co/TQL6mLpu1N #AWS #reinvent,0,386,2017-11-29 04:56:52+00:00,2017-11-29
320,Today #AWS has made operating message brokers easy with Amazon MQ!¬† https://t.co/ykrpGdNtt4 #reInvent,305,184,2017-11-28 21:42:24+00:00,2017-11-28
321,New PrivateLink launch a game changer for #AWS customers running SaaS products in the Cloud!¬† https://t.co/H5gtXK5jBo #reInvent,217,145,2017-11-28 18:21:17+00:00,2017-11-28
322,"1st launch of #AWS #reInvent '17-- Create &amp; run VR, AR &amp; 3D apps without specialized expertise with Amazon Sumerian  https://t.co/TyZ1hRoxYc",395,276,2017-11-27 08:26:52+00:00,2017-11-27
323,"Little less than 1.5 mos after hitting 40K DB migrations, we pass 45K over Thanksgiving. Think people don't want DB freedom? #AWS#reInvent",249,102,2017-11-25 15:39:32+00:00,2017-11-25
324,RT @akelman: Nice to see the #AWS #reInvent bridge making a return appearance https://t.co/9gA38eDmN3,0,31,2017-11-24 23:53:18+00:00,2017-11-24
325,"For those coming Sun night to #reInvent, join us @ 10:30p for Midnight Madness. Unique content, 1st launch, good tunes https://t.co/UVXwS7GdqP",135,68,2017-11-24 15:14:40+00:00,2017-11-24
326,#AWS delivers a 20-40% decrease in AWS IoT for most customers with pay-by-the drink pricing effective 1/1 #reinvent https://t.co/SXjhKsXNCi,77,55,2017-11-21 21:24:01+00:00,2017-11-21
327,Diff plan this year for Werner's keynote. Deep look at future of data + serverless vs being new release focused. You won't want to miss.,263,126,2017-11-17 14:50:38+00:00,2017-11-17
328,5 additional instance sizes for memory-optimized X1e Amazon EC2 family - increased EC2 SLA to 99.99% #AWS #reInvent https://t.co/UxfADR9YXS,113,212,2017-11-17 02:09:01+00:00,2017-11-17
329,"Block Storage added to Amazon Lightsail today- offers #AWS¬†Lightsail customers scalable, encrypted attached storage #reinvent¬†https://t.co/Rwh3JyL1aA",51,42,2017-11-14 22:34:10+00:00,2017-11-14
330,"Upping game on #reInvent Tatonka wing eating contest. Two venues squaring off, going for Guinness record. Sign up now (be ready to eat!)",83,27,2017-11-13 20:31:41+00:00,2017-11-13
331,Proud Amazon's employing 17.5K US Veterans and Military Spouses. In awe of commitment these men/women make to US.  https://t.co/SwF8aq27CD,218,228,2017-11-10 15:08:04+00:00,2017-11-10
332,RT @jeffbarr: 5 New #AWS Direct Connect locations - Customers can now access any AWS Region from 65 locations worldwide #reInvent  https://‚Ä¶,0,20,2017-11-09 20:17:52+00:00,2017-11-09
333,"@electronicalias @IanMmmm @Werner yeah, plenty...",4,0,2017-11-09 00:47:56+00:00,2017-11-09
334,Just launched! With #AWS PrivateLink customers no longer need a public IP address to access their services #reInvent https://t.co/sriNno0liI,267,151,2017-11-08 21:47:05+00:00,2017-11-08
335,Bunch of #AWS innovations to share at #reInvent. So many  that we've  pulled some out and moved forward. Stay tuned next couple weeks.,381,296,2017-11-08 14:59:20+00:00,2017-11-08
336,#AWS Pretty awesome. ML solving real problems.  Amazon Rekognition helps Marinus Analytics fight human trafficking https://t.co/XsEPuHSQIi,103,56,2017-10-25 19:25:37+00:00,2017-10-25
337,Gluon is going to make it much easier for developers + data scientists to use machine learning. https://t.co/bBl3bWGhO3 #AWS,119,85,2017-10-13 14:10:58+00:00,2017-10-13
338,Just hit 40K DB migrations for #AWS Database Migration Service. Pace quickening. Helps being focus of somebody else's keynote. #DBFreedom,236,114,2017-10-12 14:19:34+00:00,2017-10-12
339,RT @JeffBezos: Amazon plane packed with donation of critical supplies landed earlier today in San Juan. Thank you to all the Amazonians who‚Ä¶,0,3461,2017-10-03 22:35:03+00:00,2017-10-03
340,Really sad to hear about the awful news in Las Vegas. Thinking about the people and families there...,77,11,2017-10-02 16:23:34+00:00,2017-10-02
341,RT @mza: Autonomous truck drives from Arizona to San Diego after tens of millions of miles of simulation on #AWS and MXNet: https://t.co/1s‚Ä¶,0,104,2017-09-19 03:20:51+00:00,2017-09-19
342,Proud of how Jason/Amazon continues to help out with Harvey...Amazon Employee Rescues Victims of Hurricane Harvey https://t.co/4zeYP3cLV0,97,17,2017-09-07 02:19:31+00:00,2017-09-07
343,Enjoyed announcing #VMWare Cloud on #AWS with @PGelsinger at vmworld today. Teams worked hard together for mos. Great customer response!,128,62,2017-08-28 23:35:10+00:00,2017-08-28
344,Now 30K DB migrations in AWS DMS...pace continuing to accelerate...more evidence people thirsty for #DBfreedom,125,80,2017-07-02 08:16:11+00:00,2017-07-02
345,RT @JeffBezos: Request for ideas‚Ä¶ https://t.co/j6D68mhseL,0,9137,2017-06-15 21:36:43+00:00,2017-06-15
346,Thought this was pretty cool...#aws #digitalglobe The Best Way To Transmit Satellite Data? In Trucks. Really | WIRED https://t.co/SIq1ekBDtq,118,83,2017-05-27 21:41:34+00:00,2017-05-27
347,Cloud Computing always has to start with long odds before people see light. Preakness no different. Congrats to Cloud Computing!,138,51,2017-05-20 23:16:19+00:00,2017-05-20
348,really sad...remain morose about it. https://t.co/x6gGS8NZLK,25,5,2017-05-19 21:06:30+00:00,2017-05-19
349,"Making history by delivering 1st ever live 4K video from space.¬†@NASA¬†@awscloud,@Space_Station watch https://t.co/V8SqAJM80N #nasalive4k",89,51,2017-04-26 17:52:03+00:00,2017-04-26
350,"Passed 22K DB migrations last week in #AWS DMS. Pace continuing to accelerate. People tired of being abused by old guard, want¬†#DBfreedom",271,262,2017-03-27 14:47:42+00:00,2017-03-27
351,Hats off to all of the women builders across Amazon on Int'l Women's Day¬†#BeBoldForChange #womensday2017,250,191,2017-03-08 09:05:50+00:00,2017-03-08
352,16K database migrations via AWS Database Migration Service in 2016...2K in last month since #AWS #Reinvent. DB freedom is a powerful thing.,146,103,2016-12-31 01:19:29+00:00,2016-12-31
353,excited about the #AWS launch of our new Canada region...lots of folks been awaiting this.  giddy up! https://t.co/v2HjNK0ayx,147,65,2016-12-08 18:57:55+00:00,2016-12-08
354,"Really excited for @recess_monkey being nominated for a Grammy. Awesome musicians, fantastic teachers, prolific songwriters, well deserved!",21,2,2016-12-07 06:04:05+00:00,2016-12-07
355,"#Reinvent Just want to say thx for spending week with us, and continuing to inspire us. Most energizing week of the year for AWS team.",284,95,2016-12-02 22:52:13+00:00,2016-12-02
356,With Broomball godfather at 1st re:Invent championship. Finals in Linq parking lot in 30 mins. #reInvent https://t.co/a6PN4g3TeV,44,8,2016-11-30 01:53:48+00:00,2016-11-30
357,"Worth reading @Werner's blog on #AWS investing heavily in MXNet
for deep learning. #reInvent https://t.co/oPv9hkPqb1",174,132,2016-11-22 17:22:54+00:00,2016-11-22
358,Today #AWS releases 2 new Amazon Glacier retrieval options + news of ~20-40% lower storage costs for S3 &amp; Glacier. https://t.co/xK4FNyq2IV,91,78,2016-11-22 01:23:50+00:00,2016-11-22
359,"Nice to see #AWS Schema Conversion Tool add Netezza
&amp; Greenplum as sources for Redshift customers. #reInvent https://t.co/EobUSilvxp",22,19,2016-11-18 19:09:39+00:00,2016-11-18
360,really love this commercial... https://t.co/i8HGkReMhr,36,10,2016-11-17 21:40:02+00:00,2016-11-17
361,Excited to announce hotly requested + powerful FIFO queue support for Amazon SQS. Giddy up! #AWS #reInvent https://t.co/n0BgU1KjBZ,73,66,2016-11-17 19:43:05+00:00,2016-11-17
362,#AWS Marketplace growing really fast. Today we announce SaaS Subscriptions directly thru Marketplace #reInvent https://t.co/dVJYf4nGeK,126,91,2016-11-16 14:33:31+00:00,2016-11-16
363,"Amazon QuickSight, the new #AWS BI service, now available to all. Folks will love the speed + ease of use + price. https://t.co/p4X1Iwhs69",117,100,2016-11-15 22:45:32+00:00,2016-11-15
364,Excited about GPU WorkSpaces for running graphics-intensive apps. Buh bye expensive workstations #aws#reinvent¬†https://t.co/69oa6k3M5X,102,69,2016-11-15 05:12:43+00:00,2016-11-15
365,"Since announcing Amazon Redshift at¬†#aws¬†#reinvent¬†2012, we‚Äôve delivered 135 new features.¬†Today we add 4 more ¬†https://t.co/i7pipvj1Nm",122,89,2016-11-11 21:45:05+00:00,2016-11-11
366,And...here's an early taste.  Check out new enterprise security capabilities of #AWS Mobile Hub #reinvent https://t.co/HXozavUEzP,61,60,2016-11-09 20:24:17+00:00,2016-11-09
367,"Lots to share at #AWS #reInvent this year, so we'll probably launch a few things early. Stay tuned for updates in next couple wks...",211,137,2016-11-08 02:08:17+00:00,2016-11-08
368,super cool... https://t.co/Vhe8fCfflv,11,3,2016-09-30 23:32:27+00:00,2016-09-30
369,Sad to hear John Saunders passed. My 1st gig was ABC Sports as a Jr PA. John treated us all well. Never acted like big shot. Left impression,10,3,2016-08-11 16:18:39+00:00,2016-08-11
370,"Just hit 8,000 DBs that have moved from on-prem to AWS via our DB Migration Service since Jan 1.¬†People want DB Freedom...#AWS  #DBfreedom",244,156,2016-07-29 19:45:31+00:00,2016-07-29
371,"Finally, a sane perspective on this issue- ""Greenpeace was wrong: The cloud is good for the environment"" | InfoWorld https://t.co/Co0jXoLyFB",57,34,2016-07-08 22:39:08+00:00,2016-07-08
372,OKC fans claiming KD disloyal ought to look at their owners...lessons are learned from the top-- what they did to Seattle yrs ago was evil,27,7,2016-07-04 18:44:20+00:00,2016-07-04
373,RT @OMGjersvik: The fastes way to unhock work items is to read #AWS announcements.,0,1,2016-06-30 07:05:57+00:00,2016-06-30
374,RT @Werner: The registration for #AWS re:Invent 2016 is now open - see you in Las Vegas! #reinvent https://t.co/XPazmhuyYd https://t.co/Kgz‚Ä¶,0,54,2016-06-24 19:32:56+00:00,2016-06-24
375,@Lin_Manuel thx for being at w50 today. Enjoyed a lot. I was the dork who's seen the show 3 times...blown away by what you created and cast,2,0,2016-06-04 01:49:00+00:00,2016-06-04
376,"WA voters and #waleg made their voices clear: WA Students are counting on you, @GovInslee to sign #SB6194 and #Act4WAstudents",9,0,2016-03-16 17:10:56+00:00,2016-03-16
377,.@RepSpringer your leadership is an inspiration to students and families across the great state of Washington. We thank you.,4,1,2016-03-10 03:52:15+00:00,2016-03-10
378,Some of anti-charter arguments are embarrassing... Charter schools conspiracy https://t.co/fqYVYhcoQ0,6,1,2016-01-21 19:24:07+00:00,2016-01-21
379,"RT @jeffbarr: Incredible pictures from the #AWS #reinvent party - http://t.co/COmDK8EHlT (awesome work, @rukes). http://t.co/zaz0COcc34",0,53,2015-10-19 15:35:53+00:00,2015-10-19
380,@shendure I went just with Emma. The Eye will be cool. Hope we're in the same set with you guys. Have fun!,2,0,2015-10-17 15:14:02+00:00,2015-10-17
381,@shendure you're in for a treat. Such a unique performer.,2,0,2015-10-17 06:37:39+00:00,2015-10-17
382,Brandi Carlile at the Paramount... http://t.co/OizcWjeG4R,5,3,2015-10-17 04:23:10+00:00,2015-10-17
383,"@awsreinvent thanks for great few days last week. We loved hanging with you, and as always, learned a lot. Hope you enjoyed.",13,1,2015-10-12 01:56:13+00:00,2015-10-12
384,RT @BillSimmons: Just watched last 3 innings of NYM-LA - can't remember a cheaper play at 2B then that Utley slide. He should have just use‚Ä¶,0,1807,2015-10-11 05:35:07+00:00,2015-10-11
385,Calm before the storm...830a start to the keynote. See you there (or on the livestream) http://t.co/dfo9dQJyma,26,7,2015-10-07 14:43:10+00:00,2015-10-07
386,"Wrapping #reInvent keynote prep. So much to share, cut one from preso and sharing new WAF service now: http://t.co/4cMMvbd84X",52,74,2015-10-06 16:45:54+00:00,2015-10-06
387,"Many run Elasticsearch on #AWS, some have asked to make this easier. Here's our new Amazon Elasticsearch Service! https://t.co/EumKabHABD",96,147,2015-10-01 19:37:21+00:00,2015-10-01
388,"Am going to start using my twitter account more often, and for work stuff, too. Stay tuned as we have an action-packed next 10 days...",45,39,2015-09-30 18:01:33+00:00,2015-09-30
389,RT @heather_reams: .@RainierPrep is in school boundary 4 Cascade Middle where 2/3 of students don't meet 7th grd stndrds: ELA and Math. #sa‚Ä¶,0,2,2015-09-23 21:53:44+00:00,2015-09-23
390,RT @WA_Charters: Students from @RainierPrep talk about how they are relying on #grit and other core values to #saveWAcharterschools! https:‚Ä¶,0,2,2015-09-23 21:53:22+00:00,2015-09-23
391,RT @RainierPrep: #MakerFaire #deeperlearning  Listening to youth designers!! @EMPmuseum http://t.co/9mT074H33C,0,3,2015-09-23 21:53:05+00:00,2015-09-23
392,Washington state should be embarrassed by its gutless Court- pathetic...Charter school ruling detours into Wonderland http://t.co/5ivzTwXxOv,1,0,2015-09-12 05:24:46+00:00,2015-09-12
393,Congrats to my super-talented and creative sister...STX Snags Kathy Savitt From Yahoo!  http://t.co/eq5SxptZkC via @deadline,2,0,2015-09-11 19:14:14+00:00,2015-09-11
394,Will Washington state honor parent choice? #SaveWACharterSchools http://t.co/k7z3U7tgiJ @GovInslee @GregRichmond @WashingtonStand #Voices4Ed,3,0,2015-09-11 13:19:56+00:00,2015-09-11
395,Am truly horrified by what the WA Supreme Court did to the Charter Law yesterday. Am ashamed to live in WA today.,29,1,2015-09-05 20:18:12+00:00,2015-09-05
396,RT @PSConsortium: Congrats @RainierPrep on finding new home! http://t.co/1H5M6cRdxg,0,1,2015-04-21 01:25:31+00:00,2015-04-21
397,"@ksavitt right back at you, sis. If I could give you the free punch sign in this forum, I would :-)",2,0,2015-04-11 13:44:24+00:00,2015-04-11
